,theta_1,theta_2,mu_1,mu_2,size_1,size_2,prob_1,prob_2,total_mean_1,total_mean_2,foldChange,norm_total_mean_1,norm_total_mean_2,norm_foldChange,chi2LR1,pvalue_LR2,pvalue_LR3,FDR_LR2,FDR_LR3,pvalue,pvalue.adj.FDR,Remark,Type,State
MAP3K2,1.54336777160919e-09,0.384226966969856,2495.63637525153,7.37035553616422,0.0981173494903533,15158.3422904851,3.93140174891347e-05,0.999514011922275,715.545454545455,5.69230769230769,125.703931203931,2495.63636363636,4.53846153846154,549.885978428351,35.8417584275254,0.000268338186114936,5.80246961590092e-12,0.00086872074641526,1.57898694119751e-10,8.08801778884316e-08,0.000819558842543477,NA,DEg,up
GLIPR2,0.909090910815197,0.611512595658135,138273.000000001,8.91030250107187,11329.367592025,3.8405377670027,0.0757298682793634,0.301198798373986,1300.72727272727,2.46153846153846,528.420454545455,12570.2727272727,3.46153846153846,3631.41212121212,31.2005446121217,2.29207110902241e-06,0,9.45029318510548e-06,0,7.71282776090843e-07,0.00390770418506425,NA,DEg,up
BTN3A2,3.21282052927814e-09,0.220054620946326,9255.98512207851,20.3169963839071,0.0555185778437271,1.65970412819621,5.99809140853019e-06,0.0755210786661153,1160.45454545455,15.3846153846154,75.4295454545455,9256,15.8461538461538,584.116504854369,30.216511933317,4.62098469489192e-08,1.38999367571557e-10,2.32154733475431e-07,3.01964143345107e-09,1.24265039125326e-06,0.00419725880485644,NA,DEg,up
ZNF398,1.09568304557661e-09,2.80839209978078e-08,23.4545454683705,11510.6858895963,0.472381887239776,0.0275556432714768,0.0197426890724025,2.39391271466956e-06,52.9090909090909,2363.07692307692,0.0223899147727273,23.4545454545455,11510.7692307692,0.00203761755485893,28.2046336111415,2.82627408143554e-08,2.00980631026582e-08,1.45469989485653e-07,2.34477402864345e-07,3.28998368859246e-06,0.00833435117912684,NA,DEg,down
AMIGO2,0,2.2565263565393e-09,55.6363636363636,7856.61541577756,0.907057392400228,0.138800420653367,0.016041784807092,1.76663819223469e-05,153.909090909091,2512.84615384615,0.0612489111892179,55.6363636363636,7856.61538461538,0.00708146713472945,27.4975805148177,3.24185123190546e-14,0,3.64708263589364e-13,0,4.6299272149497e-06,0.00938301049381707,NA,DEg,down
PDCD4,0.0697239083116005,2.36026418079052e-09,29.1213651631361,5901.38519206855,1.15918676600486,0.150690719637267,0.0382815600163914,2.55341529103901e-05,42.2727272727273,1674,0.0252525252525253,27.0909090909091,5901.38461538462,0.00459060218178026,26.1677914070335,8.49895709365001e-11,1.10522702101434e-12,5.67197348410964e-10,3.38006321960697e-11,8.79620349603094e-06,0.0148553216708803,NA,DEg,down
KIAA1715,0.454470924179796,1.50426687607155e-09,22.4969256115875,53977.3848950833,5.43690883574289,0.0634643365007186,0.194635249449704,1.17575651368565e-06,27.4545454545455,5193.69230769231,0.0052861324522215,12.2727272727273,53977.3846153846,0.000227367949747408,25.093700831216,3.31054896884897e-06,5.98347593694371e-10,1.3352406212387e-05,1.12190173817694e-08,1.4759396391173e-05,0.0185104942636573,NA,DEg,down
ZBTB20,0.909090909767687,0.614288964144442,468.999999801465,6.7806844700747,12836.5169355662,20.6579396127499,0.964751463465895,0.752878116278464,82.6363636363636,2.46153846153846,33.5710227272727,42.6363636363636,2.61538461538462,16.3021390374332,24.7828579102404,0.00113432694392868,1.72452332640738e-05,0.00323067800486015,7.93028974917262e-05,1.7141754316552e-05,0.0185104942636573,NA,DEg,up
TMEM86B,0.545454373837201,1.412274449057e-08,21.5999979000332,3178.86792534151,44.2320323508665,0.0302539472646509,0.671892271623538,9.51711742822151e-06,15.5454545454545,330.846153846154,0.0469869586354125,9.81818181818182,3178.84615384615,0.00308859924104933,24.6506814539709,2.13495887635418e-13,1.10069549452696e-06,2.15548732708835e-12,7.07589960767331e-06,1.82675360343998e-05,0.0185104942636573,NA,DEg,down
ENTPD4,8.93513042360107e-09,2.50140565625069e-09,2470.82221096588,16.5384593134652,0.0523300133727575,0.488766992167505,2.11787415770686e-05,0.0287050270780637,701.545454545455,15.2307692307692,46.0610651974288,2470.81818181818,16.5384615384615,149.398308668076,24.2736571009713,1.76356919456833e-06,8.555502528651e-09,7.42679540493346e-06,1.16715579625357e-07,2.19001866710311e-05,0.0201740537761417,NA,DEg,up
MED23,0.724560828999827,0.923076925535095,4.62072004968002,1554.99999872574,12422.9079851974,15712.3614275474,0.999628186732916,0.909945708534268,3.45454545454545,12.3076923076923,0.280681818181818,1.27272727272727,119.615384615385,0.0106401636948261,23.3474982209021,0.000435308388697986,2.56678748256078e-08,0.00135899050981036,2.9294857137922e-07,3.41779999267766e-05,0.0214671786827878,NA,DEg,down
DKFZP586I1420,0.250411683826829,6.88259413672788e-09,13.8257698467172,4921.07289133826,1.51986026781133,0.0486382618118078,0.0990418937813703,9.88357257979777e-06,17.7272727272727,1228.53846153846,0.0144295626732544,10.3636363636364,4921.07692307692,0.00210596918634559,23.1915373251547,1.3183287350671e-07,4.24581203528618e-08,6.3594724585932e-07,4.20575720476461e-07,3.68357140749787e-05,0.0214671786827878,NA,DEg,down
FOXD1,0.818182011414074,0.921281803601401,95.999998992643,2697.03049299794,12307.3756782291,10000.0889285718,0.992260171626588,0.787587215379242,52.5454545454545,97.7692307692308,0.53744367355697,17.4545454545455,207.461538461538,0.0841338861361108,23.0669480737479,2.87811079542344e-05,8.07873035690854e-06,0.000106659400065692,4.12447335887551e-05,3.91060186700765e-05,0.0214671786827878,NA,DEg,down
TFIP11,1.76344479682619e-09,2.24116643889932e-08,24.7272730105623,2736.22188530579,0.558832085279392,0.0555338651652403,0.0221003623595353,2.02954074671516e-05,41.6363636363636,582.846153846154,0.0714362844493503,24.7272727272727,2736.23076923077,0.00903698365113563,23.0376346598455,3.3077762751077e-11,1.76586041344962e-08,2.3587681581705e-10,2.12307645128484e-07,3.96601281635878e-05,0.0214671786827878,NA,DEg,down
KDM6A,0.909090909907434,0.769230768724091,2220.00000000054,41.6666659722978,14358.9570415104,19.0718614544432,0.866095316222726,0.313999404701513,49,21,2.33333333333333,201.818181818182,9.61538461538461,20.9890909090909,22.8952958185438,0.000249018926938738,2.18144384378505e-06,0.000812018240017623,1.28680676178331e-05,4.24640087069994e-05,0.0214671786827878,NA,DEg,up
CD59,0.0715057902831149,3.38881555939048e-09,466.248186685611,234752.34033172,0.577809252190452,0.0748658178769483,0.00123774009420726,3.18913940944764e-07,850.636363636364,22774.9230769231,0.0373496920610142,432.909090909091,234752.461538462,0.00184410884585406,22.8787652174719,0,0,0,0,4.28021817853175e-05,0.0214671786827878,NA,DEg,down
NPLOC4,1.42315185814149e-09,0.133931051136458,5210.45456080718,54.712540066801,0.170763885055997,0.919543042752423,3.27722441002957e-05,0.0165290061301788,1659,122.076923076923,13.5897920604915,5210.45454545455,47.3846153846154,109.960891381346,22.7852371137845,7.12331305052771e-11,6.42441655429593e-12,4.81511504488461e-10,1.71499255474849e-10,4.47666913839795e-05,0.0214671786827878,NA,DEg,up
TEAD3,6.89549699548148e-09,0.923076909798726,1.72727271045394,209.000002095139,0.517130666313335,15852.1807308258,0.230408968221294,0.986987257937597,1.27272727272727,26.4615384615385,0.0480972515856237,1.72727272727273,16.0769230769231,0.107438016528926,22.6814993777008,0.000101381977413384,0.000197503516671582,0.000349019922242797,0.00065145139006857,4.70508951275761e-05,0.0214671786827878,NA,DEg,down
MLL,0,1.50126205683937e-09,99.909090909091,103217.539019795,0.367023653100592,0.123540258513976,0.00366013037803696,1.19689068178713e-06,73,14532.9230769231,0.00502307757452575,99.9090909090909,103217.538461538,0.00096794684700139,22.6749359622343,2.05327082447582e-06,0,8.56662661867394e-06,0,4.71992603808813e-05,0.0214671786827878,NA,DEg,down
STRADB,0.0822183457015969,1.88649602179812e-09,260.014391078827,49458.230948627,0.806298511765093,0.155794897691885,0.00309139015402012,3.15001980351253e-06,401.090909090909,9060.15384615385,0.0442697680306143,238.636363636364,49458.2307692308,0.00482500809116741,22.5456139608011,2.22044604925031e-16,8.5265128291212e-14,3.56857400772372e-15,2.85728887358849e-12,5.02195277866102e-05,0.0214671786827878,NA,DEg,down
KDM4D,0.909090912772491,0.846142320689904,25635.0000037845,9.49928838844721,27319.0563200146,11444.4077366164,0.515901107801191,0.99917065082092,565.818181818182,0.153846153846154,3677.81818181818,2330.45454545455,1.46153846153846,1594.52153110048,22.4602737767676,0.000174186402184806,1.11443164696468e-08,0.000580007575985348,1.42701613330843e-07,5.23173133314403e-05,0.0214671786827878,NA,DEg,up
DGKE,9.13190824882002e-09,0.287657361857389,3530.38256019413,26.6725763280991,0.036005442908856,1.10859903410254,1.01986328927995e-05,0.0399046843644662,860.727272727273,26.0769230769231,33.0072405470636,3530.36363636364,19,185.808612440191,22.4346708556414,0.0336551259467233,4.32055554222543e-07,0.0537867309650828,3.1798481210304e-06,5.29635317348953e-05,0.0214671786827878,NA,DEg,up
SYNGR2,0,1.14422202754212e-09,493,59968.0772528041,0.563608956111537,0.11511223019578,0.00114191756824125,1.91955477822438e-06,1188.18181818182,6203.46153846154,0.191535292161493,493,59968.0769230769,0.00822104068190127,22.0694007292569,0,0,0,0,6.30977182933812e-05,0.0245911222871858,NA,DEg,down
TSPAN15,0.636363573937986,0.197709454010718,56.0000130681799,2047.87931142465,109.339662006423,0.0848559520215067,0.661303235034711,4.14342952739269e-05,54.6363636363636,296.615384615385,0.184199358732554,20.3636363636364,1643,0.0123941791622863,21.8335809841537,1.71051617314788e-10,9.93956989014944e-06,1.09514754988126e-09,4.88450002402039e-05,7.06442026817689e-05,0.0249349753064194,NA,DEg,down
DFNB31,1.80941914233927e-09,0.846153744229598,42.4545454818381,14.9999958548156,0.475037367480306,12479.0907396447,0.0110655015947319,0.998799432774072,113.363636363636,4,28.3409090909091,42.4545454545455,2.30769230769231,18.3969696969697,21.7518682791444,6.65266748334226e-06,0.0365954518293613,2.62605295395089e-05,0.0475167655657412,7.3463577148547e-05,0.0249349753064194,NA,DEg,up
MED24,9.69617069415956e-09,6.00009182238501e-09,34.9090908793119,44570.2205251278,0.363070498643602,0.0493222755664094,0.0102934009275234,1.10661828468339e-06,62.6363636363636,4004.61538461538,0.0156410435511473,34.9090909090909,44570.3076923077,0.000783236479992168,21.741674280024,2.53463916521923e-13,4.95064977901194e-09,2.54271126447152e-12,7.15346183664569e-08,7.38230789689709e-05,0.0249349753064194,NA,DEg,down
DSE,0.0344664985493675,1.52657058777605e-09,25.7983552937319,1967.84613941044,0.814364860609485,0.117435498042738,0.0306005870834153,5.9673613648159e-05,26.2727272727273,579.538461538462,0.0453338803484808,24.9090909090909,1967.84615384615,0.0126580479172145,21.6122467369556,0.000581800167598123,3.8916980749093e-11,0.00177929177469329,9.08062884145503e-10,7.85427575786812e-05,0.0256733471788638,NA,DEg,down
POLR2K,0.267908985866637,7.50248390666837e-09,75.9963508382927,15453.1310659717,1.20835756166743,0.0430063606367364,0.0156513454517245,2.7830114664751e-06,71,1492.69230769231,0.0475650605514043,55.6363636363636,15452.8461538462,0.00360039588063303,21.4869942509636,4.28664422402747e-07,1.22469944074943e-07,1.9400760496676e-06,1.04264952388127e-06,8.33960876656104e-05,0.0264078923848634,NA,DEg,down
AQP3,0.545454551722753,0.923051035916005,53.1999986010751,7.99730897106756,16357.2047403854,15736.1406401982,0.996758154387583,0.9994920452935,58.5454545454545,1.76923076923077,33.0909090909091,24.1818181818182,0.615384615384615,39.2954545454545,21.2653084350248,0.00743256999578146,0.000263571083246594,0.0157161812450414,0.000837691076578438,9.27295216969215e-05,0.0271818608269197,NA,DEg,up
CDC25B,6.57915315667791e-09,1.31230516016912e-09,178.727271588129,142534.077878319,0.371737471630945,0.0871183763505826,0.00207559759030776,6.11210486640889e-07,355.727272727273,13604.0769230769,0.026148578454731,178.727272727273,142534.076923077,0.00125392661590483,21.2393615877737,0,8.06610334080915e-12,0,2.09985334905362e-10,9.38878050865677e-05,0.0271818608269197,NA,DEg,down
PIGC,0,3.36622869454106e-09,341.090909090909,111839.924618485,0.347588489654137,0.0641421328957123,0.00101801200543334,5.73516982668892e-07,261.090909090909,10784.3846153846,0.0242100887906433,341.090909090909,111839.923076923,0.00304981351655891,21.0997920891505,0,0,0,0,0.000100369984822879,0.0282513626725065,NA,DEg,down
AKAP9,0.0848110286297775,0,330.284492802483,34093.5384615385,0.838111976970034,0.175429624248751,0.00253112280730053,5.14551230202652e-06,639.818181818182,8105,0.0789411698726936,302.272727272727,34093.5384615385,0.0088659828493228,20.9615982848421,1.98729921407903e-14,0,2.33581810610035e-13,0,0.000107227171910473,0.0293657549451034,NA,DEg,down
MBP,0.267464961873249,0,74.2130178605337,7305.46153846155,1.18960661371461,0.258747932508024,0.0157767268978931,3.54171693364592e-05,104.727272727273,2038.46153846154,0.0513756432246998,54.3636363636364,7305.46153846154,0.00744150606740239,20.8652835942901,5.50165468737873e-11,0,3.75926513345835e-10,0,0.000112280263892872,0.0299404187901704,NA,DEg,down
RPL39L,8.60214530439423e-10,0.502400416390113,13.7272727359583,1983.8322567852,0.372842040692448,0.0598734200183557,0.0264424826746701,3.01797759599773e-05,40.5454545454545,100.615384615385,0.402974701139839,13.7272727272727,987.153846153846,0.0139059101889305,20.6434641028899,2.55818944294717e-06,1.24944421232565e-05,1.0478929447703e-05,5.98138186751639e-05,0.000124837966014479,0.0313036301449401,NA,DEg,down
SCYL1,0.176468509568604,0.769230769519552,94.9348273802156,28.6666666884307,1.13469145136685,10399.8656223802,0.0118111495213799,0.997251131233637,160.454545454545,11.8461538461538,13.5448642266824,78.1818181818182,6.61538461538461,11.8181818181818,20.6187472121175,2.46539320044592e-05,0.00269534948621575,9.20140827180646e-05,0.00615688968932531,0.00012632109859001,0.0313036301449401,NA,DEg,up
ATRIP,0.415409428349564,0.923076831512852,1.7106000418832,8114.99986267686,0.358411169025647,11335.3945027857,0.173228239236175,0.582784816071061,2.90909090909091,294.230769230769,0.00988710635769459,1,624.230769230769,0.00160197165742452,20.485318505461,0.000483576315826961,4.10905420800134e-10,0.00150223411721393,8.05282476503935e-09,0.000134635711071529,0.0313036301449401,NA,DEg,down
FANCE,0.705066077303179,0.962167670589263,10.7882410788881,33617.2662104568,1.07845633752631,10000.067426343,0.0908809165416617,0.229268196667253,10.1818181818182,637.692307692308,0.0159666630112951,3.18181818181818,2585.84615384615,0.00123047466574359,20.4101815693296,0.000825847897487186,2.30937380329976e-10,0.00244264871087759,4.81756786781077e-09,0.000139555390307744,0.0313036301449401,NA,DEg,down
LY75,0.636327526592111,1.87830737005398e-09,9.24910547228427,3922.15386106152,13234.1926285065,0.0703947699646746,0.999301608625758,1.79476657562384e-05,8.18181818181818,612.384615384615,0.0133605874090738,3.36363636363636,3922.15384615385,0.000857599292525157,20.3512189163473,0.000928336880585801,1.50173618740368e-06,0.00270514447164225,9.34875294529959e-06,0.000143541029241634,0.0313036301449401,NA,DEg,down
MSN,0,4.25971793357352e-09,38.3636363636364,13454.8462145854,0.386483398796149,0.106866051109048,0.00997373430496689,7.94250641147481e-06,48.3636363636364,3187.76923076923,0.0151716240613709,38.3636363636364,13454.8461538462,0.00285128762714763,20.3029025291474,2.22044604925031e-16,0,3.56857400772372e-15,0,0.000146891348198563,0.0313036301449401,NA,DEg,down
POU2F2,0.909090911863438,0.843041772437712,7207.99999999926,3.92069039604514,1051452.83739944,16591.4856433345,0.993191398278503,0.99976374845441,159.090909090909,0.538461538461538,295.454545454545,655.272727272727,0.615384615384615,1064.81818181818,20.3012029137214,0.000698999367135578,4.88100636575339e-08,0.00210300669195518,4.70188686609272e-07,0.000147010608522069,0.0313036301449401,NA,DEg,up
SSBP4,3.92696868208992e-09,0.768781212344375,11.2727272245303,3133.89617271733,0.350133487586786,0.106379544758413,0.0301245533487091,3.39436688338463e-05,21.9090909090909,113.153846153846,0.193622149434522,11.2727272727273,724.615384615385,0.0155568423084347,20.2890595744698,8.99305238772907e-05,2.28705943072782e-14,0.00031164042927774,8.57647286522933e-13,0.000147865503904665,0.0313036301449401,NA,DEg,down
LATS2,0.909090909322519,0.514517354453792,39957.0000015886,4.59495132272921,37525.1591935057,0.204348118960958,0.484307091894796,0.0425787391355171,444.090909090909,0.615384615384615,721.647727272727,3632.45454545455,2.23076923076923,1628.34169278997,20.245690745113,2.9176219132121e-05,3.32002203506931e-11,0.000107996580806323,7.8632100830589e-10,0.000150959284917374,0.0313036301449401,NA,DEg,up
RCL1,9.753327207422e-10,0.616184911655263,2.18181818234132,7650.5200725338,0.429692222580163,0.149173270521817,0.164537817567333,1.94980681727452e-05,1.09090909090909,1050.07692307692,0.00103888493017495,2.18181818181818,2936.38461538462,0.000743028747115405,20.1558995072984,3.38315284853508e-06,3.44144135999702e-06,1.36277896072704e-05,1.92549560994505e-05,0.000157570999576584,0.0315378304419434,NA,DEg,down
PAIP2,0.0744548804863324,2.31980918759654e-09,82.7031069369998,5991.30771224751,0.886338330498876,0.147241717209123,0.0106034718577502,2.45752856927831e-05,102.909090909091,1703.69230769231,0.0604035660925674,76.5454545454545,5991.30769230769,0.0127760847007961,20.1405230027228,2.52753373786163e-12,2.87512236241128e-11,2.16351393322395e-11,6.86108745575418e-10,0.00015873180228354,0.0315378304419434,NA,DEg,down
CEBPD,0.338869048221612,0.923076943680279,10.1754009784497,359.999975594384,0.605309872361838,16738.4665748422,0.0561474916393174,0.978945481775663,16.9090909090909,12.3846153846154,1.36533032185206,6.72727272727273,27.6923076923077,0.242929292929293,20.0432681302982,0.000263614596273443,0.000857672678678201,0.000855186383379345,0.00234927733724898,0.000166273526130301,0.0320101786065122,NA,DEg,down
PAF1,1.28241968169596e-09,0.135843147006956,32041.1823156144,27.5056976905093,0.109201083822811,0.374804789801832,3.40813614725553e-06,0.0134432580641799,3617.54545454545,47.3076923076923,76.4684405025868,32041.1818181818,23.7692307692308,1348.01088555457,20.0287797236955,0,3.01850544559557e-10,0,6.0950590728372e-09,0.000167427165315814,0.0320101786065122,NA,DEg,up
PRICKLE2,0.816027491682147,0.923076919284291,4.44730473371588,6383.99999660952,10590.8974399774,29899.6144665744,0.999580258609713,0.824052810309535,2.09090909090909,100.153846153846,0.0208769724898757,0.818181818181818,491.076923076923,0.0016660970608339,19.939059025301,0.000721042666699034,1.0453397991661e-07,0.0021610698383463,9.04620980047587e-07,0.000174750734193485,0.0327916516589368,NA,DEg,down
CLK3,0,2.61083434630138e-08,122.272727272727,3353.69358842838,0.612008209700929,0.0882740997326666,0.00498034363095034,2.63207636486306e-05,234.545454545455,742.307692307692,0.31596796985398,122.272727272727,3353.69230769231,0.0364591369912715,19.8526265257124,2.08988896210904e-06,0,8.70787067545435e-06,0,0.000182107234487638,0.0335023363811973,NA,DEg,down
MAN1A2,1.08053110168228e-08,0.923076898686557,29.0000106493503,585.999984216077,0.196161111541562,17591.114219993,0.00671872713820374,0.967761660204545,44.3636363636364,20.1538461538462,2.20124913254684,29,45.0769230769231,0.643344709897611,19.768871490996,3.87716597841647e-05,0.00430931736404494,0.000141518804542432,0.00899559290705206,0.000189529737764871,0.0335023363811973,NA,DEg,down
DAD1,0.0781969810537197,4.26192929779307e-09,308.387722960682,18654.2294929953,0.704041469540217,0.0797190076879609,0.00227777492175517,4.27349020443309e-06,697.636363636364,3993.53846153846,0.17469128452255,284.272727272727,18654.2307692308,0.0152390484919711,19.7348559264149,6.69412070219977e-09,9.91985715792509e-10,3.64817996746181e-08,1.76539830776633e-08,0.00019262953846888,0.0335023363811973,NA,DEg,down
MAPRE1,2.4370709320625e-09,0.382265706983271,5769.54546764603,87.4162298707429,0.201510191920915,1.32533527989439,3.49253082838695e-05,0.0149347746757075,1213.45454545455,143.076923076923,8.4811339198436,5769.54545454545,54,106.843434343434,19.7292620654534,1.96825111764554e-09,1.83826048827385e-08,1.14814648529323e-08,2.19337899169038e-07,0.000193144110164134,0.0335023363811973,NA,DEg,up
CD302,0.636318705395109,8.82288690400944e-09,8.99888849547706,3921.53370011748,12324.5011781554,0.0498627851610089,0.999270370256063,1.27149617906145e-05,8,612.153846153846,0.0130686102035687,3.27272727272727,3921.53846153846,0.000834551874175256,19.6189394751551,2.88657986402541e-15,6.34491885442845e-06,3.83659349016035e-14,3.31450984932829e-05,0.000203576758810886,0.0335023363811973,NA,DEg,down
ABI2,0.333529014771975,4.09281271368433e-09,14.185985684289,16896.5383382751,1.22212000761827,0.0544097956300898,0.079316694216354,3.22016375972028e-06,15.5454545454545,2918.46153846154,0.00532659222696123,9.45454545454546,16896.5384615385,0.000559555170194582,19.5878313545918,8.10462807976364e-15,1.65391524031833e-07,9.97249158252167e-14,1.36383063010543e-06,0.000206618569923545,0.0335023363811973,NA,DEg,down
CMPK1,6.6582964023394e-09,0,8365.36368785936,103.230769230769,0.141828269122695,0.416511647057843,1.69539388682793e-05,0.00401854871184514,1343.18181818182,126.692307692308,10.6019208478225,8365.36363636364,103.230769230769,81.035564286682,19.5359861393912,7.10320691155175e-12,0,5.56594571427563e-11,0,0.000211788929343815,0.0335023363811973,NA,DEg,up
HBG2,9.77581031269008e-10,0,45.7272727663828,30775.7692307693,0.314955263428796,0.141269919143749,0.00684057390152508,4.5902758633441e-06,24,5272.92307692308,0.00455155511466418,45.7272727272727,30775.7692307692,0.00148582062675318,19.4309205545598,0,0,0,0,0.000222664950837004,0.0335023363811973,NA,DEg,down
DCAF11,0.254418442593902,2.568338745484e-09,69.5003438500333,45821.5390375803,0.836371764419079,0.0648498685218976,0.0118909698457291,1.41526841097024e-06,117.909090909091,4062,0.0290273488205541,51.8181818181818,45821.5384615385,0.00113086953336752,19.4285240276288,4.31684687995926e-11,5.26968391145743e-09,3.00842205129904e-10,7.57968233839768e-08,0.000222919408252364,0.0335023363811973,NA,DEg,down
SENP5,2.62630628675804e-09,0.284462641430547,8028.72813130118,40.4214748165534,0.0698201464389836,0.894222620554912,8.69621416072561e-06,0.0216436530429171,1044.54545454545,43.1538461538462,24.2051531356344,8028.72727272727,28.9230769230769,277.588974854932,19.3939196482733,2.79690469184857e-06,2.83320090721517e-08,1.13680642313845e-05,3.11619914019298e-07,0.000226626037478028,0.0335023363811973,NA,DEg,up
FAR1,0.03629763527893,2.62824579881466e-09,42.4499192205952,23949.2308941104,0.40567598621981,0.0745524702359301,0.00946611485062978,3.11292828104016e-06,64.7272727272727,2442.92307692308,0.0264958292541894,40.9090909090909,23949.2307692308,0.00170815886753447,19.3922703991628,0,1.91007143435229e-09,0,3.05417513614706e-08,0.000226804219063959,0.0335023363811973,NA,DEg,down
CELF2,4.42273260418117e-09,2.23197418110089e-09,5.63636340346723,16080.4616111984,0.336998664126696,0.11431274951888,0.0564169156855479,7.10874722768108e-06,7.45454545454545,3628.84615384615,0.00205424676012911,5.63636363636364,16080.4615384615,0.000350510066075061,19.3816879366655,0,2.82117973426921e-09,0,4.29309959562706e-08,0.000227950849042147,0.0335023363811973,NA,DEg,down
CACNA1D,0.909090913403438,0.690328112609079,521.000000805538,8.69406714025299,14801.4638899413,5.04048773155449,0.965997635594353,0.366993162763574,54.2727272727273,4,13.5681818181818,47.3636363636364,2.69230769230769,17.5922077922078,19.38002122146,0.00171660051692024,0.000120423532808056,0.0046574432629619,0.00042478625794555,0.000228131965884004,0.0335023363811973,NA,DEg,up
CPB1,0.818181828420989,0.755277607000058,13139.500345779,8.80118160447852,45.5290460935017,1.47609880046059,0.00345308643161363,0.14362737439286,4358.81818181818,0.384615384615385,11332.9272727273,2389,2.15384615384615,1109.17857142857,19.3387377165075,0.0147676318208041,1.0553027340876e-09,0.0273908136718731,1.86753011931233e-08,0.000232664106736058,0.0336797913365211,NA,DEg,up
AGAP11,1.21273565909868e-08,0.923076925144326,20.7272739354474,3587.9999979193,0.11175700736034,13616.9958578132,0.0053628696875135,0.791455921988856,35.4545454545455,130.076923076923,0.272565991075749,20.7272727272727,276,0.075098814229249,19.2645580346915,1.05783262105419e-06,2.1872516575705e-08,4.57716037956139e-06,2.53303041225995e-07,0.000241033903085608,0.0343999512671333,NA,DEg,down
NDUFS4,0.187251098190602,0.769230747187476,584.883817032031,50.0000027398928,0.190225052337369,191.329732803639,0.000325129878706769,0.792814579491081,367.636363636364,13.1538461538462,27.9489633173844,475.363636363636,11.5384615384615,41.1981818181818,19.0862697137879,0.000194490689246818,0.0003603223446772,0.000644212062174002,0.00111058256921055,0.000262396080597416,0.0364227326670358,NA,DEg,up
CHD9,2.57134697265939e-09,0.461191080789607,23117.3432244006,131.343800203731,0.0504170868571011,1.68054554949845,2.18091570524717e-06,0.0126333682754283,2402.90909090909,128.846153846154,18.6494436906377,23117.2727272727,70.7692307692308,326.657114624506,19.0102738292048,9.30396945042489e-08,1.00878995334952e-06,4.579297463881e-07,6.56547180382436e-06,0.000272064858432119,0.0365784862737193,NA,DEg,up
PGBD1,0.909090907664192,0.043741407012859,52056.999999999,145.354713989575,13169.9948409642,0.0669657385547544,0.201910188765792,0.000460493501931409,1149,71,16.1830985915493,4732.45454545455,139,34.0464355788097,19.0036857272854,7.84742693049623e-09,1.61364699380329e-10,4.23277308751081e-08,3.48149865101394e-09,0.000272919558795937,0.0365784862737193,NA,DEg,up
ATP13A1,0.0539425160656661,0.84615384748702,132.223341903016,44.99999999795,0.230439908728463,17115.6819992704,0.0017397759850752,0.997377726596188,298.181818181818,16.1538461538462,18.4588744588745,125.090909090909,6.92307692307692,18.0686868686869,18.9927233839671,4.1316448976092e-05,0.00532242829706076,0.000150458744826231,0.0106044586563829,0.000274347671647357,0.0365784862737193,NA,DEg,up
SSU72,0.0371109690264403,1.72384430226021e-09,178.062618705702,28094.3847720656,0.488890935244386,0.0992298021066512,0.0027380946609049,3.53200301169634e-06,508.181818181818,3309.30769230769,0.153561368549398,171.454545454545,28094.3846153846,0.00610280480607702,18.9038107381463,0,1.30612187732027e-11,0,3.34494627118605e-10,0.000286208808691346,0.0371069768308041,NA,DEg,down
BCOR,4.59702131558477e-09,1.47380437665702e-08,10.6363636437465,15687.5323668251,0.347967677730546,0.073366827908269,0.0316785489755014,4.67673838531541e-06,22.2727272727273,3491.53846153846,0.00637905826273308,10.6363636363636,15687.5384615385,0.000678013549572553,18.8927555736614,7.57172102794357e-14,3.83172563678258e-08,8.0850580467872e-13,3.94696881367321e-07,0.000287718808517079,0.0371069768308041,NA,DEg,down
GPNMB,0.709447196623966,0.613389332789111,40601.9468942491,10.3463197095513,0.23112656636239,4.2934945798041,5.6924671933584e-06,0.293275207932515,3220.54545454545,1.30769230769231,2462.77005347594,11797,4,2949.25,18.8570463425789,7.40382446162702e-05,3.75491695706609e-05,0.000260000524572186,0.000155836474502743,0.000292650607653044,0.0371069768308041,NA,DEg,up
NT5C,0.12769048014499,4.29607075492922e-09,18.1336806636668,17033.4616610686,0.494377478924345,0.0660951877466816,0.0265393996056949,3.88029941257502e-06,31.7272727272727,2899.61538461538,0.0109418900505251,15.8181818181818,17033.4615384615,0.000928653391001258,18.8472867689665,0,3.15329632405437e-08,0,3.35570385836867e-07,0.000294013074597421,0.0371069768308041,NA,DEg,down
SMURF1,0.357635335948492,6.1867099544969e-08,37.9280451715496,6354.76598940097,1.40149768360861,0.0295787039125756,0.0356347310918412,4.65454845802325e-06,55.3636363636364,1309,0.04229460379193,24.3636363636364,6354.76923076923,0.00383391362910077,18.8016665658756,0.000774685996454139,1.60994128837189e-05,0.00230430678831968,7.46879979141596e-05,0.000300465960013208,0.0371069768308041,NA,DEg,down
ITFG1,0.447723631586524,1.65141151099277e-08,11.6871759000224,8274.44511663565,2.55950083625467,0.0631175487524055,0.179655991613628,7.62795165175478e-06,16.7272727272727,1979.15384615385,0.00845172938919295,6.45454545454545,8274.46153846154,0.000780056251943802,18.7802950665594,2.95896640523097e-12,1.36424823593551e-06,2.50557639152622e-11,8.59476388639369e-06,0.000303537187479108,0.0371069768308041,NA,DEg,down
PLK4,0.909090909594791,0.337187941069067,986.999999410003,13.4624475273798,19163.0187580176,0.315602929746091,0.951017415353711,0.0229062109133781,82.1818181818182,4.61538461538461,17.8060606060606,89.7272727272727,8.92307692307692,10.0556426332288,18.7774704500508,0.00047243402560937,0.000637091483134844,0.00147052092951533,0.00181943623923369,0.000303945433431041,0.0371069768308041,NA,DEg,up
PGD,1.46979779873112e-09,0.102159481650921,9704.09094079897,45.0654098830876,0.161940242742837,0.41339718645698,1.66875538723032e-05,0.00908988632496072,2682.45454545455,63,42.5786435786436,9704.09090909091,40.4615384615385,239.834946422399,18.7485807962257,2.44007036798166e-11,2.42898146041171e-10,1.78334609260841e-10,5.00373794686064e-09,0.000308152389297822,0.037119312060008,NA,DEg,up
IGF1R,1.5912537836912e-09,2.77995450543418e-09,44.8181818518478,7555.07609861567,0.432119425565401,0.111221786738017,0.0095495369835492,1.47212480672276e-05,113.181818181818,2072.69230769231,0.0546061843148501,44.8181818181818,7555.07692307692,0.00593219397691174,18.7173409007845,9.10382880192628e-15,1.90976456870828e-10,1.1158389387575e-13,4.0374217392155e-09,0.000312766797579522,0.037119312060008,NA,DEg,down
PRSS53,0,0.32492849217942,1660,19.0293179832767,0.272932818263567,0.737689501688775,0.000164390331775313,0.0373192301490173,788.363636363636,16.6153846153846,47.4478114478114,1660,12.8461538461538,129.221556886228,18.7011315896997,0.00530903495320767,9.99200722162641e-16,0.0120171512357481,3.98415477824344e-14,0.000315188075711514,0.037119312060008,NA,DEg,up
SLC38A9,0.818181818384899,0.923076923147207,437.00000000122,26.0000000475681,13515.1946711124,16678.6987707148,0.968678762710645,0.998443551697378,177.272727272727,5.84615384615385,30.322966507177,79.4545454545455,2,39.7272727272727,18.6778442384398,5.28214128273641e-05,0.000118549128895085,0.000188434258670665,0.00042005596852589,0.000318699314045268,0.037119312060008,NA,DEg,up
CECR2,0.909090909199807,0.671600876354826,1143.00000002773,6.55862367129893,15963.1001791049,1.79980622526991,0.933181731191891,0.215328267095802,119.090909090909,0.384615384615385,309.636363636364,103.909090909091,2.15384615384615,48.2435064935065,18.5848731529386,0.00141493652167357,0.000159865781377277,0.0039373233597807,0.000542647857045716,0.00033310941048037,0.038069839470329,NA,DEg,up
ST8SIA6,0.855875944155115,0.806922862140634,13528.2354981502,1.5936235613862,10000.8793628851,13436.5012739557,0.425042736284431,0.999881410008372,150.363636363636,0.153846153846154,977.363636363636,1229.90909090909,0.307692307692308,3997.20454545455,18.5769036867337,0.00192744289544677,1.01822770215421e-08,0.00511543559367307,1.32537903379576e-07,0.000334374391874004,0.038069839470329,NA,DEg,up
NT5C2,2.35843743031976e-09,3.22335854613904e-09,8.36363547399003,8611.07696555317,0.359578987583715,0.0690075168199079,0.0412209271212671,8.01374370330245e-06,8.18181818181818,2247.61538461538,0.00364022164905152,8.36363636363636,8611.07692307692,0.000971264853205824,18.5442846787296,0,2.55058064668745e-08,0,2.92157419529653e-07,0.000339601954162605,0.0382354066836631,NA,DEg,down
ADORA3,0.9090910259049,1.87946030261585e-12,30526.0000000001,0.0769230730129205,79653.7739369987,14595.8368984412,0.722943704554568,0.999994729821376,339.272727272727,0.230769230769231,1470.18181818182,2775.09090909091,0.0769230769230769,36076.1818181818,18.4309881307445,0.000634070720699764,7.65752854570145e-07,0.00192050266365794,5.27816519014433e-06,0.000358398576611574,0.0393951459215271,NA,DEg,up
UBP1,0.317516926704381,2.37798875828809e-09,14.6523750546545,17820.5374558756,0.969302666780428,0.0766285652720844,0.062048563801212,4.29999577506078e-06,17.8181818181818,2995.53846153846,0.0059482400399662,10,17820.5384615385,0.000561150271726228,18.3941844755154,0,2.96824285150876e-08,0,3.23528200077945e-07,0.000364724465313881,0.0393951459215271,NA,DEg,down
YOD1,0,9.00948484959686e-10,148.363636363636,8471.00005892606,0.545383495977743,0.150236181102203,0.00366252827727904,1.77350390287583e-05,207.272727272727,2533.53846153846,0.0818115574005785,148.363636363636,8471,0.0175143001255621,18.389981928124,0,0,0,0,0.000365453835648233,0.0393951459215271,NA,DEg,down
HSBP1L1,4.97558734982354e-08,0.923076920649015,2.7272752762266,7521.00000149226,0.0921377525829787,16494.4176280442,0.0326797640648917,0.686826183183165,9.63636363636364,118,0.0816640986132512,2.72727272727273,578.538461538462,0.00471407332197121,18.2933248531741,1.27513836631898e-05,6.26542828729981e-09,4.9103739045291e-05,8.77159960221974e-08,0.000382635334876924,0.0407697638973206,NA,DEg,down
CIR1,0.058532292668966,8.07478826788616e-10,123.405264879257,8902.4615728571,0.639803966716194,0.123286200834419,0.00515783475045381,1.38483600871248e-05,202.818181818182,2054.30769230769,0.098728239483126,116.181818181818,8902.46153846154,0.0130505273940106,18.2580913211344,0,6.53377352222151e-12,0,1.72952828529393e-10,0.000389096171380054,0.0407697638973206,NA,DEg,down
VKORC1,0,0.0568949046828821,2278.81818181818,18.4333939740641,0.266400231014994,0.327108036842914,0.000116889137469161,0.0174359959372483,1055.45454545455,20.6923076923077,51.0070969922271,2278.81818181818,17.3846153846154,131.082461786002,18.2517199125044,3.23892495046607e-08,0.000129317472688739,1.65626844057924e-07,0.000452108811286935,0.000390276038492066,0.0407697638973206,NA,DEg,up
SHB,8.36643562370718e-09,0.692197540233799,5880.00056291132,8.99677925466715,0.0648447489022899,32.2530779518391,1.1027895849222e-05,0.781895505489214,1550.09090909091,3.76923076923077,411.248608534323,5880,2.76923076923077,2123.33333333333,18.2252197720332,1.37978517500414e-12,2.49270079191177e-05,1.23826874679859e-11,0.000108308659540552,0.000395221671145474,0.0408651142216029,NA,DEg,up
PRRG2,0.4557594595708,0.923076923304436,2.00446128632773,302.000000677647,1.00692024975246,11753.8166429632,0.334371529375561,0.974949851212531,1.54545454545455,3.61538461538462,0.427466150870406,1.09090909090909,23.2307692307692,0.0469596628537026,18.1365169282741,0.0012165542128113,0.000443893242746185,0.00343382237487062,0.00133167972823856,0.000412233895084935,0.0417716605889564,NA,DEg,down
CCND1,0.118386128486719,4.59521363064199e-09,106.416383889327,26071.3847665423,0.488402632415089,0.0620931580782492,0.00456857591045056,2.38165370769004e-06,221.272727272727,2518.30769230769,0.0878656440388984,93.8181818181818,26071.3846153846,0.00359851167102265,18.0951470768921,0,1.95637348543443e-08,0,2.30808107832151e-07,0.000420415285093179,0.0421788919192988,NA,DEg,down
TNFRSF1A,1.02555569829989e-09,0.769049337697597,1095.36363864175,19.3181324901578,0.186164571645158,4.10417336914547,0.000169927986020454,0.175224992526315,262.636363636364,1.84615384615385,142.261363636364,1095.36363636364,4.46153846153846,245.512539184953,18.0451434837025,6.76610742976758e-05,0.000184796916431917,0.000238670082908935,0.000615989721439725,0.000430519903904081,0.042401910104979,NA,DEg,up
ANXA5,0,3.03631654430868e-09,265.909090909091,14567.9261693628,0.461234089791428,0.0979208510415004,0.00173155207808288,6.72162885200605e-06,587.363636363636,1747.53846153846,0.336109132526071,265.909090909091,14567.9230769231,0.0182530542964162,18.04276127195,0,0,0,0,0.000431007277293283,0.042401910104979,NA,DEg,down
SMOX,3.3082586521526e-07,0.30555880379828,15.5454492304218,15490.0569207032,0.337013583418733,0.192357498671497,0.021219226978139,1.24179730885406e-05,36.3636363636364,3143.23076923077,0.0115688726133638,15.5454545454545,10756.9230769231,0.0014451581027668,17.9978701787791,1.5272540643263e-07,1.54305741184579e-07,7.33361326620098e-07,1.275756127904e-06,0.00044029475278784,0.0428051431264892,NA,DEg,down
JAK2,1.76102905478615e-09,2.87658367313144e-09,3.27272727420496,3160.53837717114,0.417362974170278,0.0938117178958033,0.113103730824482,2.96813144615787e-05,1.63636363636364,837.769230769231,0.00195323912154323,3.27272727272727,3160.53846153846,0.00103549673973409,17.9304481347855,7.70808023964342e-07,4.13982382818645e-08,3.38167865666808e-06,4.12672311986941e-07,0.000454618809824781,0.0428051431264892,NA,DEg,down
TMEM129,0.629007828057652,0.23778578900056,3.92069041134692,1335.68174926975,14237.8605641324,0.0203230077071701,0.999724705053302,1.52152251081845e-05,3,251.538461538462,0.0119266055045872,1.45454545454545,1018.07692307692,0.00142871861798949,17.9243971144231,6.09798420181384e-06,2.52686760404686e-13,2.41618241958662e-05,8.12207444157918e-12,0.000455926808773488,0.0428051431264892,NA,DEg,down
AGAP3,5.82764350397202e-09,0.614085201252204,10375.8154726672,14.5508406361997,0.0751796983788038,3.44308546588742,7.2456139812599e-06,0.191347093811176,2707.54545454545,1.69230769230769,1599.9132231405,10375.8181818182,5.61538461538461,1847.74844333748,17.8833721203598,2.66453525910038e-15,6.30470817397644e-06,3.57161109198561e-14,3.29897520731325e-05,0.000464894069981403,0.0431655147586944,NA,DEg,up
NQO2,0.231880810660239,7.50518243269247e-09,49.7082697467154,17627.7692982718,0.681942051147673,0.054009947238655,0.013533224545339,3.06390336993409e-06,111.636363636364,3042.69230769231,0.0366899943691753,38.1818181818182,17627.7692307692,0.0021660039725941,17.841176835649,0,2.03301115275778e-07,0,1.62951275602723e-06,0.000474300089467916,0.0431655147586944,NA,DEg,down
ATE1,0.909090907383887,0.840736451543477,1530.00000000004,3.38094667799149,17260.2280640122,12563.0901143306,0.918574697721187,0.999730954962489,17,1.84615384615385,9.20833333333333,139.090909090909,0.538461538461538,258.311688311688,17.834975383472,0.0014717324865875,1.38857497977707e-06,0.00406306514702069,8.71316969382025e-06,0.000475698351657061,0.0431655147586944,NA,DEg,up
ARF4,0,2.91822753062898e-09,172.272727272728,6554.61510322602,0.540473118652197,0.117428618017824,0.0031274990419028,1.79150892042254e-05,413.454545454545,2340.30769230769,0.176666746348576,172.272727272727,6554.61538461538,0.026282659952417,17.8271609486412,8.13335054861142e-09,0,4.3794964492523e-08,0,0.000477466136103666,0.0431655147586944,NA,DEg,down
HBM,0.497678105755416,0.76778487100804,2.35271260934817,161.984941387896,12809.0382686709,0.996396499540708,0.999816357754378,0.00611356191117335,2.09090909090909,12.8461538461538,0.162765378334241,1.18181818181818,37.6153846153846,0.03141847927124,17.774621869463,0.033778571875192,0.000111823857660398,0.0539566437154435,0.000398017120486163,0.000489522323428249,0.0432255565177162,NA,DEg,down
MLL2,0.454291589909884,1.00312925173102e-08,31.6519340818836,699.306212676631,3.22127751602505,0.0345328465630057,0.0923711172107311,4.93791428342571e-05,32,120.538461538462,0.265475430759413,17.2727272727273,699.307692307692,0.02469975300247,17.7692325581711,0.000258865894533833,3.36907419339338e-05,0.000840646977094406,0.00014169003617075,0.000490776000703463,0.0432255565177162,NA,DEg,down
GGCT,0.271685402036004,0.407258987752534,286.339745932633,12989.1974077851,1.19439529313065,0.131088864178064,0.00415392512360069,1.00920431885205e-05,567.545454545455,1433.84615384615,0.395820327740929,208.545454545455,7699.23076923077,0.0270865312128176,17.7518765154912,3.30499901224357e-07,1.28196972766226e-05,1.51981706402442e-06,6.09428830807297e-05,0.000494835148135309,0.0432255565177162,NA,DEg,down
UTRN,4.22453709505518e-09,0.308127735600409,14239.3453115857,21.3467746617412,0.0530473255912716,0.616298056434034,3.72539093676478e-06,0.0280606481771572,1519.90909090909,26.3846153846154,57.6058839120064,14239.3636363636,14.7692307692308,964.123579545455,17.6698395577309,6.66133814775094e-16,3.36061744543592e-07,9.85127472554716e-15,2.5508301091863e-06,0.000514477901631172,0.0435948995136522,NA,DEg,up
ZNF318,1.98238798147764e-09,0.691744351421979,3048.36363029247,7.73583680773255,0.101143149586659,15.9191899396301,3.31783888296197e-05,0.672972815023554,798.272727272727,5.61538461538461,142.158156911582,3048.36363636364,2.38461538461538,1278.34604105572,17.6677726794276,8.60422844084496e-14,1.60171165434209e-05,9.1256968311992e-13,7.45257269007027e-05,0.000514982674602815,0.0435948995136522,NA,DEg,up
MZT2A,0.228551649541066,1,11.3128411712956,0,1.2327263909001,1,0.0982599140922684,1,16.3636363636364,0,Inf,8.72727272727273,0,Inf,17.6617224754733,0.967835136148829,0.999999675390466,0.981229700311816,0.999999966120254,0.000516463087113728,0.0435948995136522,NA,DEg,up
STX3,0.346103331636067,0.377031625356592,2540.85184156825,25.6834796918816,0.189004122014696,1.53230747476521,7.43805918489096e-05,0.0563021552668175,1027.90909090909,15.4615384615385,66.4816824966079,1661.45454545455,16,103.840909090909,17.6561671125326,2.8111284313348e-05,2.84012372675502e-06,0.000104546098686005,1.62661631623242e-05,0.000517826143622169,0.0435948995136522,NA,DEg,up
ING1,0.51722103212977,0.61534949411224,508.232027275701,13.3987709149699,0.396723866643533,13.4506832474556,0.000779987104056779,0.500966729754945,214.090909090909,9.69230769230769,22.0887445887446,245.363636363636,5.15384615384615,47.6078697421981,17.6450092307435,0.0389442775795725,9.03121982254174e-05,0.0605209028899752,0.000330410481312503,0.000520574641384774,0.0435948995136522,NA,DEg,up
HBA2,0,8.55147408274887e-09,172.454545454545,4637.61539780673,0.680713903915484,0.173386063847298,0.00393168847546026,3.73855024295856e-05,254.272727272727,1072.46153846154,0.237092630508209,172.454545454545,4637.61538461538,0.0371860387617823,17.5781873677852,0.0287124099673038,0,0.0475771127811715,0,0.000537340889626647,0.0446301248736624,NA,DEg,down
RGS3,0.357307858665658,8.06420047740855e-09,34.9382672269623,6888.00002658906,1.42697044836328,0.0983701650473237,0.0392399593563361,1.4281178836481e-05,45.2727272727273,2261.38461538462,0.02001991477466,22.4545454545455,6888,0.00325995143068314,17.5329117941152,6.05815397847209e-12,2.07470933655252e-07,4.81898611923916e-11,1.65871431729452e-06,0.000549004963846356,0.0448795270797281,NA,DEg,down
ART5,0.909090898886135,0.923076921578705,47.0000000471795,6103.99999999776,12983.6015609866,21579.0854536761,0.996393105887933,0.779504347150448,16.5454545454545,221.307692307692,0.0747622207476222,4.27272727272727,469.538461538462,0.00909984510901942,17.5184720500812,0.000376986387866651,6.49052427118546e-05,0.00118869581759755,0.000248422253392882,0.000552777664376225,0.0448795270797281,NA,DEg,down
ADD1,0,5.58589863036129e-09,248.727272727273,6837.61541089257,0.573222477862499,0.118466625824923,0.00229932346259813,1.73254221277061e-05,541.454545454545,1783.53846153846,0.303584451432291,248.727272727273,6837.61538461538,0.0363763181659659,17.5009662328998,0,0,0,0,0.000557386020855755,0.0448795270797281,NA,DEg,down
EIF4E,0.350959759344734,2.57498212001531e-09,25.9123869449754,7228.53848595579,1.2914123477205,0.102298202425253,0.0474717642865141,1.41517894552794e-05,46.3636363636364,1333.38461538462,0.0347713899115768,16.8181818181818,7228.53846153846,0.0023266365542174,17.4984186321545,0,1.6308586148206e-08,0,1.98347669370072e-07,0.000558059845262582,0.0448795270797281,NA,DEg,down
GNA14,0.909090909969412,0.923067418549917,13134.9999979829,8.99888807491769,26051.5505862786,13914.627344105,0.664808466115456,0.999353696520945,289.909090909091,0.153846153846154,1884.40909090909,1194.09090909091,0.692307692307692,1724.79797979798,17.4694018603391,0.00055239247115868,1.20817767795822e-05,0.00169824673055874,5.8192044121841e-05,0.00056579197147244,0.0451430712356712,NA,DEg,up
ZNF35,0.909090895829308,0.845765738440991,771.000002095198,5.98489806647039,12564.9232897108,16487.6415612954,0.942186229987621,0.99963713874076,17,0.230769230769231,73.6666666666667,70.0909090909091,0.923076923076923,75.9318181818182,17.4091941913146,0.00181651254684079,0.000173436684895001,0.00486979959365828,0.000582436628378734,0.000582176931754663,0.0460874910114844,NA,DEg,up
DUSP22,0,4.78122477481872e-09,63.4545454545454,2509.69232987255,0.449539309087958,0.0843172879271755,0.0070345942790778,3.35955344960959e-05,195.272727272727,901.538461538462,0.216599441514117,63.4545454545455,2509.69230769231,0.0252837948540762,17.3792783077547,2.92654789291191e-13,0,2.86292728654426e-12,0,0.000590492802720721,0.046383438526892,NA,DEg,down
TYSND1,0.453624264861777,9.12597512108958e-08,37.4367747080171,2594.29995465468,2.21261919430416,0.0322893790386941,0.0558046158222516,1.24461233186116e-05,55.8181818181818,419.461538461538,0.133071036793758,20.4545454545455,2594.30769230769,0.00788439455936342,17.2975110206299,5.8282844106472e-09,5.80537911729628e-05,3.21525322128523e-08,0.000225764743450411,0.00061382932788101,0.0472235549108774,NA,DEg,down
GPR153,0.72727003772863,0.923076917412182,71.3326017476507,1268.9999998023,3.93305505776101,20000.7035556978,0.0522556398853908,0.94033767341933,52.1818181818182,15.2307692307692,3.42607897153352,19.4545454545455,97.6153846153846,0.199297943978795,17.2929106860451,0.00122898493355528,0.000256402701927838,0.00345652012562422,0.000820801332390945,0.000615169174798758,0.0472235549108774,NA,DEg,down
AMY2B,0.81670086066629,0.452376366167266,4208.22288626081,4.91634762927902,0.537417089031716,1.07880154817069,0.000127690115448954,0.179945738836411,133.909090909091,0.692307692307692,193.424242424242,771.363636363636,2.69230769230769,286.506493506493,17.2278655748781,0.0165114230775779,4.22217816264947e-13,0.0299257667976815,1.31681794181642e-11,0.000634427619120803,0.0477056632982478,NA,DEg,up
XKR9,0.909090928462924,0.843041772437712,1170.0000003335,3.92069039604514,17452.5165276166,16591.4856433345,0.937172830611938,0.99976374845441,13,0.153846153846154,84.5,106.363636363636,0.615384615384615,172.840909090909,17.1958489126007,0.00192762604752061,3.45467567819391e-06,0.00511543559367307,1.92947311814021e-05,0.000644125944689322,0.0477056632982478,NA,DEg,up
NINJ1,0.617983015104045,0.331047313672635,3631.91751378057,17.2485459209236,0.325561003620755,0.814774248790586,8.96308415812997e-05,0.0451065607615522,517.363636363636,4.69230769230769,110.25782414307,1387.45454545455,11.5384615384615,120.246060606061,17.1923384440342,0.00182791411889416,2.42903895224522e-05,0.00489203863595293,0.000105976076171364,0.000645198241081779,0.0477056632982478,NA,DEg,up
LTBP1,0.422770547723978,2.46566928075936e-09,9.13454307792671,4779.61534989299,1.46535183483364,0.117202497505174,0.138242109652391,2.45207229108576e-05,9.54545454545454,1532.61538461538,0.00622821266266358,5.27272727272727,4779.61538461538,0.00110316978426739,17.1792820713209,3.94129173741931e-13,2.16615080650406e-07,3.77357719540146e-12,1.71873426712539e-06,0.000649201991611448,0.0477056632982478,NA,DEg,down
VDAC1,0.174494972703686,3.36422219903139e-09,538.183271288048,56924.1556544988,0.712890892679347,0.0868728890261383,0.00132287246172718,1.52611409777375e-06,564.727272727273,5646.23076923077,0.100018454046328,444.272727272727,56924.1538461538,0.0078046434993736,17.1751218998482,0,2.78593248470571e-09,0,4.26004239166165e-08,0.000650482892595172,0.0477056632982478,NA,DEg,down
CAPRIN1,2.12271702666312e-09,1.89351991242503e-08,64.3636364166967,4373.38461933756,0.433086496725156,0.0858884715559894,0.00668377160529899,1.963851623159e-05,192.090909090909,790.153846153846,0.243105706598697,64.3636363636364,4373.38461538462,0.0147171223260856,17.162433514269,1.07900022250362e-10,1.9751590141226e-08,7.03695797284972e-10,2.31291854813613e-07,0.000654405131595426,0.0477056632982478,NA,DEg,down
RAD54L,2.40039072496041e-09,0.84615384635597,73.1818182992347,52.5000000009404,0.143881903470346,18405.4996693966,0.00196223020131539,0.997155704792433,39.5454545454545,18.3846153846154,2.15100798782807,73.1818181818182,8.07692307692308,9.06060606060606,17.103150063645,4.5677311491632e-05,0.00225379437330187,0.000165573683772889,0.00530205547117317,0.000673044583198834,0.0487140054396699,NA,DEg,up
PIGB,0.508586033453545,7.39984687783773e-09,2.58992893849725,1976.07693238758,10317.8939131067,0.0552344137402933,0.999749049659092,2.79507690164767e-05,2.36363636363636,563,0.00419828839011788,1.27272727272727,1976.07692307692,0.000644067676649716,17.0766304288654,7.32932192604174e-06,8.23900315305437e-06,2.88592050837894e-05,4.17920449792613e-05,0.000681552584050005,0.048979945632473,NA,DEg,down
TECTA,0.918758819845632,0.923076450607497,10543.9932314398,11.9999262661754,10000.0026756043,14660.7429767973,0.486760351825008,0.999182162030273,232.727272727273,0.0769230769230769,3025.45454545455,958.545454545455,0.923076923076923,1038.42424242424,17.0576635628277,0.000603005812220503,2.1797028222359e-05,0.00183700996953055,9.65691123775397e-05,0.000687702988235395,0.0490739040830229,NA,DEg,up
EBAG9,2.29898359437023e-08,0.692302181709876,377.180098359858,10.9998016693522,0.0684071015814179,16771.6586667154,0.000181331670214954,0.999344573346942,106.909090909091,4.61538461538461,23.1636363636364,377.181818181818,3.38461538461538,111.440082644628,16.9857415727614,0.00647397250204984,8.32806547226284e-05,0.0141225854442223,0.000309356205632405,0.000711530466496191,0.0496137096328647,NA,DEg,up
TRAK2,2.39835443998144e-07,3.41414659676862e-09,4.90909319010486,7147.53848802796,0.264859447367748,0.141933327663389,0.0511909300153794,1.98572570815176e-05,9.18181818181818,1409.23076923077,0.00651548233425963,4.90909090909091,7147.53846153846,0.000686822594310917,16.9742215112303,5.97522031853259e-13,1.05142782702572e-07,5.60176904862431e-12,9.07396617844114e-07,0.000715422511521679,0.0496137096328647,NA,DEg,down
DENND4A,2.21818529150081e-09,0,13078.4550546342,501.615384615383,0.0660316220927999,0.33622232900122,5.04886000927048e-06,0.000669830167589189,1630,732.153846153846,2.22630804790922,13078.4545454545,501.615384615385,26.0726742970264,16.9599292831862,0,0,0,0,0.00072028054720219,0.0496137096328647,NA,DEg,up
SLC22A16,0.908452166408175,0.923076908630999,4.9651142355226,14306.999963419,18202.8003919202,19298.7180685018,0.999727307876749,0.574268880378353,0.818181818181818,224.461538461538,0.00364508692130351,0.454545454545455,1100.53846153846,0.000413020962402384,16.947170257682,0.000884089365168039,9.01693234678369e-06,0.0025905874421203,4.50846617339185e-05,0.000724645122437972,0.0496137096328647,NA,DEg,down
