HGNC.approved.symbol,Patient.1_CL.1,Patient.1_SC.1,Patient.10_CL.1,Patient.10_CL.2,Patient.10_SC.1,Patient.2_CL.1,Patient.2_SC.1,Patient.3_CL.1,Patient.3_SC.1,Patient.4_CL.1,Patient.4_CL.2,Patient.4_CL.3,Patient.4_SC.1,Patient.4_SC.1.1,Patient.5_CL.1,Patient.5_SC.1,Patient.5_SC.2,Patient.6_CL.1,Patient.6_SC.1,Patient.7_CL.1,Patient.7_SC.1,Patient.7_SC.2,Patient.8_CL.1,Patient.8_CL.2,Patient.8_SC.1,Patient.8_SC.2,Patient.8_SC.3,Patient.9_CL.1,Patient.9_SC.1,total
DZIP3,0,0,0,1,29,96,0,0,0,6,152,10,239977,515,1,11,47,0,0,0,0,0,7,140,34,0,325,49,4,241404
ACTB,8522,89,24275,11591,6833,36,7143,1794,2701,5949,3699,6538,73295,5095,39,16,20,52,396,20,7039,18,2392,9566,7702,10818,5599,32,3049,204318
YWHAZ,9128,34,1449,3883,2633,44,9,26246,912,9614,8797,9922,33,4516,35,58,14,22,14,72,9370,1497,4320,14505,14167,16692,14000,20292,14031,186309
NAP1L1,1439,2066,21,976,694,31,40,4231,55,627,7,168,6,62,8,13,19,49,46,65,23573,35024,13,2731,39201,11913,2737,36297,17426,179538
MGEA5,2,8,1670,1761,523,57,9,3106,706,2190,1257,477,192,1896,5,53377,38,6,12,1,14206,1162,4262,1163,1549,0,28,16495,22743,128901
YWHAB,2020,13,3621,3244,1321,20,0,2675,1336,8320,4242,6905,30891,2442,14,4,12,1,1,1,1,3,25661,8404,689,7220,9235,21,1336,119653
UBR7,0,0,822,87,224,20,0,0,1,42,7,3,94201,215,1,5,15,0,0,0,0,0,2,161,0,0,0,15,1,95822
UBR2,0,14,121,0,142,1,12,2,815,27,2,0,1,30,9,0,1,16,19,35417,10164,22131,974,131,17724,1,0,1,2,87757
PKM,277,162,3088,3042,1023,4,5,1468,915,4086,1890,2806,30,2995,6,1,3,231,8,8,8393,80,16117,12607,834,12279,11481,49,1868,85756
HMGN2,3663,50,1731,2956,1287,9,3,1126,415,492,3168,613,2,2724,5,1296,4,30,4,49,1020,25428,4685,7229,2,321,17847,13,430,76602
PPM1G,6,0,1123,3295,967,8,0,13,0,3681,2950,1447,13,10,4,42654,10,2,4,0,1,1,11960,6165,4,1332,89,1,2,75742
BAZ1A,0,0,110,54,837,2,94,274,1,7,1,0,0,101,4,7,1,3,1,2,164,7295,33101,2490,26110,5,1790,2,237,72693
ARID1A,8,0,232,61,625,30,1,8,1,103,23,847,6,29,9,15141,13,13,3,2,10585,1,1104,886,12084,676,2007,20547,5366,70411
PPP2CA,32,5,1334,197,267,26,7,2096,33,500,2998,987,1848,334,8,1,6,6,8,4,348,38680,398,1189,4,6,2,16095,2479,69898
ATF7IP,0,1,0,0,149,8,2,68,1,80,1,50,3,0,2,21498,13,3,1,11,12154,3,3,359,10872,0,0,22303,627,68212
HDGF,7338,57,452,3991,2553,9,2163,793,2655,2777,2388,6940,2682,2822,8,1,1,20,8,5,1898,5,6474,2293,31,4724,7610,37,3516,64251
ING5,224,2,1,0,11,1,4,4,0,0,0,84,4,0,0,3125,1,1,3,6583,2278,46153,0,28,0,1,0,2067,1617,62192
SAP18,0,3,150,1574,694,22,380,1117,994,257,841,301,12,76,11,3,11,2,5,9,116,46602,3,669,7,684,7139,2,20,61704
BPTF,0,0,367,638,822,8,0,167,0,1362,2792,2165,11778,1096,9,15,4,0,0,0,0,1,20714,4577,159,2747,11106,12,18,60557
USP15,3642,25,17,1,317,10,5118,34,2183,882,1545,2148,7,132,10,0,3,7,4,4,3468,25136,0,84,4,0,0,13247,25,58053
CUL3,2965,19,1237,184,127,23,0,30,2,2198,223,1048,10,402,2,15785,6,0,2,0,127,3,1,631,29315,1347,270,1,1,55959
GFI1B,1,2,2,2,1,9,3,1,692,0,2,10,2,77,1,806,1,1,4,1,18788,913,0,100,11998,0,0,7779,13668,54864
PRKCB,30,5,1,9,1,4,593,1,5,0,2,2,2,1,48,2,6,6,9,9,7891,14,4,2,22093,0,0,14035,9740,54515
CTR9,0,1,1,4,19,16,3,20,2,103,9,6,3,1,0,0,5,4,6,1,89,7,1,45,2,2,7602,35219,8206,51377
CHD4,299,5,18,705,1707,5,5,764,3,570,429,1796,2,0,2,1,2,3,4,1,9969,77,2368,1096,25173,2,0,1,5547,50554
HUWE1,0,2,944,155,798,0,0,1,3,1236,1,1,12,1266,1,0,3,2,1,24236,8,8,5,1730,47,18513,2,7,0,48982
HDAC5,1,0,513,6,0,3,4,50,6,962,1,79,2,888,3,5546,4,4,2,87,6032,9038,0,23,14931,0,0,4092,5429,47706
HDAC3,1,5,36,1057,452,5,5,9,4,178,2463,22,4,1,0,0,5,2,4,6,704,41727,3,552,0,1,0,0,15,47261
BCOR,0,2,2,0,0,18,0,1,0,24,2,109,4,125,0,33363,13,2,0,0,1750,0,1,104,9807,3,0,2,336,45668
OGT,0,2,998,1,546,8,2,1865,294,251,915,0,3,352,1,2,0,2,2,0,0,3,4,158,36617,1,421,0,2535,44983
UBE2H,352,10,496,253,692,11,138,680,459,59,277,502,3,2622,9,6492,4,27,6,9,9110,10883,928,1055,102,11,9,959,8077,44235
UBE2D3,69,6,1365,938,1797,13,2051,200,986,2273,3430,2953,12,1328,12,2,6,39,14,5,8145,1781,9293,2310,864,479,7,4,3799,44181
NCOA3,0,0,0,0,1,5,0,0,3,6,4,78,4,183,0,25099,7,1,0,0,873,10,0,27,13998,1,0,6,2256,42562
PAF1,1,1,1738,445,580,1,2,43,2,455,6,2,2,13,1,0,0,12,1,36317,8,6,3,783,0,1,0,0,0,40423
RYBP,1,2,1,194,236,8,2,18,3,468,28,1390,4,108,2,1,9,5,4,7153,1257,25320,0,9,29,0,0,5,4000,40257
BAZ2B,0,1,291,38,271,1,2,6,1,17,0,14,0,0,0,0,0,4,2,0,82,38514,9,39,3,2,389,0,0,39686
PHF20L1,0,0,5,870,194,2,4,998,444,46,2,1026,0,145,1,0,6,5,1,4,6401,11778,2,562,214,14412,0,0,1093,38215
MAX,1,1,0,1,0,8,1,84,8,106,1,13,1,95,0,2,2,4,2,66,6369,4666,0,22,17233,2,1,4575,4473,37737
BRWD3,0,2,0,0,0,24,0,0,2,193,4,597,31050,209,3,2,20,0,0,0,0,0,9,10,5045,0,0,7,7,37184
SMARCA4,31,1,810,465,808,5,0,2751,465,2719,5,1572,9,500,11,6,6,3,1,1,0,0,24205,968,2,1678,12,3,0,37037
ARRB1,75,2,61,247,387,5,1,119,0,117,1192,0,0,1,1,21,3,7,1,4,10056,2,15270,2033,1108,2,0,72,5691,36478
WAC,353,7,447,2402,1141,31,4,327,10,215,1304,47,7,33,10,496,27,3,1,7,6791,4,8,275,20337,2,257,6,1404,35956
CHD7,1,1,606,111,272,5,0,25,2,1,1,2,2,0,0,0,0,0,1,0,0,0,33811,2,1,3,1,0,0,34848
FOXO1,1,2,0,0,0,0,4,1,1,0,1,0,0,1,0,2,1,20,7,5,1617,2,1,7,32612,3,1,461,5,34755
TAF7,10,1,3055,163,250,11,4411,11,1,734,2412,1467,4,1686,49,0,7,17,5,1,92,1,11751,842,2459,12,5,7,4722,34186
JARID2,0,0,0,5,111,2,0,896,30,196,70,14,0,0,3,0,1,9,4,0,1201,24,0,1,20751,0,2,6236,2437,31993
ARID4B,9,0,2,5,162,3,0,857,8,83,1,22,1,214,14,1,3,24,1,2,1007,15283,3,936,2713,3305,7249,0,57,31965
MBD6,0,0,1,2,100,2,0,27,27,119,918,612,1,141,1,21419,3,0,0,21,2882,0,819,914,488,3,33,2,3352,31887
BRD1,0,0,0,0,4,2,1,4,1,0,4,0,0,0,0,0,3,0,1,0,56,28290,420,9,1,0,0,0,1693,30489
FOXP1,7509,69,375,1093,729,17,15,1,2,840,1,916,11,687,16,5,22,18,26,14,8,1111,4144,222,6769,1,4,4,5511,30140
PHIP,2,2,370,666,688,18,3,462,6,1856,7,1353,5,1208,2,19832,6,6,2,25,1386,4,731,45,166,13,109,6,319,29298
CIR1,34,1,11,457,151,22,3,0,4,726,143,285,8,2,8,23428,13,2,3,55,3,2,2,517,2,11,0,1,3091,28985
HMGN1,1423,11,1522,1819,766,6,2,1497,259,2422,3477,2495,10,1809,9,1,4,18,3,3,927,272,3876,3041,24,12,12,7,2784,28511
TOP2B,0,1,94,12,1391,12,1,652,0,160,1729,1002,4,2219,7,0,3,4,4,3,1376,3,5402,134,3,4,3556,3759,6676,28211
CBX3,1091,8,516,1230,157,13,1,6,255,402,47,286,5,254,5,16529,22,9,2,0,5,171,1,670,1,0,0,2,6458,28146
CHD9,0,12,0,0,81,2,7,1,107,0,16,20,0,49,0,0,2,28,5,26308,1397,22,0,86,0,0,0,1,0,28144
ZMYND8,0,1,1,0,62,5,3,0,13,94,479,2,3,352,36,344,1,1,4,8,3400,4699,112,8,7381,1,12,6278,4483,27783
SET,7,7,1516,604,800,2,9,1696,336,3281,332,341,10,817,3,0,3,23,2,8,1058,2917,10996,2270,18,3,536,3,102,27700
NPM1,994,4,810,886,4505,9,4,1740,6,2582,1663,209,15,1386,11,4,12,8,1,1,0,0,3392,2363,4,433,3857,3,1369,26271
SRSF3,252,0,813,107,1676,6,0,1336,108,2062,327,306,8,278,30,2,2,31,7,1,4194,1,88,2050,240,16,4423,2,7217,25583
FBL,11,3,696,2567,702,4,1,941,1035,2057,59,370,5,83,2,2,7,2,1,2,3,0,10,1414,4,8,15170,1,2,25162
SF3B1,16,18,772,604,3055,5,42,33,19,1375,54,1227,2,1918,10,1181,7,131,34,15,6867,147,2,360,5582,7,32,546,1074,25135
SKP1,93,7,2452,1743,618,18,319,266,663,3094,4688,2422,19,756,24,2,13,3,3,3,530,1,1118,4264,9,930,749,5,68,24880
UIMC1,0,1,0,0,5,12,1,8,1,0,110,96,0,629,0,11892,4,0,2,0,3027,7985,0,1,80,0,0,0,121,23975
MYO1C,29,1,2096,919,1017,4,0,919,358,0,1186,1,0,8,4,13,3,0,0,1,896,86,42,1685,3,323,12824,0,1522,23940
CDK17,0,1,1,0,0,27,1,1,4,213,92,46,12,5,0,18448,23,3,2,1,521,0,0,0,13,0,0,79,4245,23738
CLNS1A,0,0,427,1027,1046,3,255,4901,800,0,1,29,2,111,2,24,3,0,3,0,0,2,7,824,10977,9,3095,3,0,23551
CUL1,3,5,0,49,399,2,1,0,1,151,752,0,2,0,2,0,0,2,2,0,3489,1134,0,257,11125,4,0,1,5953,23334
UBE2B,5499,38,24,64,353,6,6470,7,1455,651,1184,677,7,1611,7,77,6,2,4,2,2783,782,2,272,3,0,839,11,397,23233
MBTD1,0,2,2,1,0,12,1,5,18,1,144,13,3,0,0,2254,9,2,2,3,2791,2,0,5,4014,1,0,6231,7052,22568
PHC1,0,3,0,20,331,1,4,4,5,1102,989,573,1,30,0,0,0,0,0,5906,1391,1494,2,401,1333,2,4,6587,2118,22301
ADNP,0,0,2,144,270,1,1,644,2,126,1,0,4,1292,1,0,1,2,1,0,0,0,197,614,8461,10199,189,5,0,22157
HDAC6,151,6,1035,0,134,0,4,2405,342,0,36,367,1,1521,1,842,2,9,8,3,6376,6000,1112,639,1,8,0,778,324,22105
YAF2,0,0,0,1,66,0,1,0,108,0,0,170,1,1,0,0,1,2,3,4,86,21496,1,3,0,1,74,0,86,22105
KDM5A,0,0,26,629,929,0,1,15,1,123,0,163,0,84,1,0,0,2,0,3,2899,16245,0,11,0,0,0,1,568,21701
TET2,0,1,0,0,170,4,0,46,9,0,0,1,0,0,0,0,1,3,0,2,4408,3,1,13,16206,0,1,0,651,21520
TRIM28,30,0,722,755,311,1,0,2508,351,1408,1754,757,7,258,14,76,0,0,0,1,0,0,5151,2266,144,4,4779,0,0,21297
WHSC1,0,0,25,204,377,6,0,0,0,9,972,206,2,438,5,16737,2,0,0,2,521,0,1,75,0,0,11,7,896,20496
ANP32B,1,4,835,374,411,28,869,366,1979,623,216,178,16,2935,14,3841,16,4,6,2,188,1,277,2458,33,906,0,23,3886,20490
PHF14,74,0,8,834,973,0,2,0,2,770,1508,253,2,0,3,0,0,4,1,2,18,15507,0,346,0,0,58,0,0,20365
GADD45A,5,2,0,15,5,9,4,1046,417,118,0,632,0,122,1,1954,5,2,3,2,625,10094,2836,227,4,913,1,7,1200,20249
HMGB1,0,192,272,2851,2213,7,0,285,155,821,112,258,9,558,2,1391,5,16,2,3,5401,1,5,1721,1986,720,580,278,391,20235
CHD2,5,0,123,47,325,2,3,426,123,181,43,127,8,646,2,14719,11,3,1,3,1979,0,77,427,411,1,2,4,167,19866
STK4,1,0,373,0,247,3,2,0,1,1,1,218,0,7,1,12,5,28,2,4,2850,6951,7,522,7019,170,2,1,786,19214
SSRP1,40,0,1281,202,1002,2,2,1853,0,45,2325,1555,1,1,10,0,1,0,0,0,0,0,13,2669,26,8021,137,0,0,19186
MTF2,308,3,910,646,496,6,1,1,3,0,311,0,1,0,0,0,1,2,0,1,1,1,15941,1,0,371,0,1,1,19007
ZNF592,47,3,2,2,74,0,0,479,2,848,2,70,6,0,1,17184,3,0,0,0,0,1,0,93,0,0,0,0,0,18817
TAF9,0,2,776,42,890,6,4,23,1166,1161,2538,1288,6,277,2,1,3,36,5,2,3,3,10005,403,2,4,3,1,0,18652
JMJD6,1,1,2,9,81,0,0,612,5,0,1,0,0,0,0,0,0,1,1,2,1218,16539,0,70,8,0,0,0,0,18551
TRIM24,1,1,0,0,4,4,4,19,8,15,808,679,1,1,0,0,0,18,3,1,12818,1,118,34,722,0,0,0,2918,18178
SFPQ,1,0,68,255,192,8,1,469,586,311,871,99,2,50,2,1,2,1,1,3408,2494,1,4,346,2,13,3922,4,5001,18115
KAT7,0,0,2,598,6,0,0,813,7,84,0,191,1,78,0,0,0,1,0,25,1052,0,5,1541,23,13563,0,1,0,17991
RSF1,0,2,579,300,179,3,2,3934,177,1032,0,1,5,79,0,314,0,2,0,0,4474,1,31,1186,1,1,144,339,4861,17647
SUZ12,0,0,0,2,370,1,2,1,0,45,0,0,0,0,5,0,0,2,1,0,26,14900,2179,36,0,4,1,0,0,17575
BRD8,0,0,1066,1011,133,1,0,0,732,885,1196,7,4,1065,2,2,2,0,0,0,2626,0,4,430,2,2,8033,3,0,17206
ESR1,2245,15,311,127,456,3,0,627,1,1760,6851,3277,14,1007,2,0,4,1,2,0,0,0,0,105,0,0,3,4,0,16815
KDM3A,0,1,3,219,256,20,2,17,1,338,2,33,4,80,0,5669,9,0,0,1,40,0,2,12,6283,0,1,2830,908,16731
NCOA1,0,2,45,156,545,1,0,354,8,799,0,1,3,56,4,1,0,1,1,1,1463,7188,635,426,654,7,0,0,3672,16023
SUPT7L,0,4,426,840,491,1,1,1,9,119,1967,7,2,1245,0,0,0,3,2,16,2,0,10147,631,3,3,2,4,2,15928
MEN1,4028,24,380,0,236,0,1,0,0,475,0,4,3,0,0,0,0,0,1,0,1,0,0,446,7,3938,5712,0,0,15256
TRIM33,0,0,5,972,881,1,10,729,1,591,0,1784,2,0,1,0,1,3,2,1,8982,68,506,206,34,1,0,0,1,14782
HDAC7,1232,9,105,7,127,0,4,0,5,0,4,0,0,0,24,0,0,0,0,0,3,0,200,379,12341,117,1,0,82,14640
NCL,3830,18,159,0,344,2,556,214,466,126,1205,55,0,270,0,0,1,5,0,0,1,4,5790,1347,2,1,0,0,0,14396
YWHAE,8,0,15,429,1118,3,1,1886,2,1989,815,864,10,35,8,0,3,0,1,1,1569,1,31,780,202,2415,408,1,1713,14308
ASH2L,0,0,682,1604,668,1,1,0,3,0,1,1,0,595,7,0,0,0,0,0,19,0,9504,1062,0,1,17,4,0,14170
APEX1,0,0,1026,615,2189,8,0,26,17,3310,65,2566,10,583,2,259,4,1,0,1,0,0,1,778,1,8,10,0,2680,14160
KANSL3,0,4,0,0,280,0,0,259,5,110,224,1796,0,252,5,0,3,1,1,0,2843,0,4923,720,2260,4,0,1,0,13691
DPY30,0,0,0,408,417,4,0,5,0,162,0,168,1,1,0,1,0,0,0,0,0,0,11565,761,0,1,0,0,0,13494
TLK2,0,1,9,0,287,2,0,9,0,1450,1929,338,2,198,2,3,2,0,1,0,5,1880,6379,941,0,6,34,3,0,13481
RBBP7,6,3,155,994,1033,0,1,88,417,1725,268,1305,77,890,4,0,0,1,3,1,212,0,5368,545,15,0,0,2,235,13348
BABAM1,2319,10,38,112,184,1,2,19,600,9,189,660,1,1511,0,2,0,1,0,2,4,1,13,1008,705,10,5871,8,2,13282
USP7,2,5,201,2040,981,2,0,60,196,344,27,879,2,1,2,67,3,1,0,3,1816,1,5,516,1668,3,3130,83,1087,13125
PRMT1,55,0,607,572,863,0,0,136,1,1391,0,120,9,18,1,0,0,12,2,0,0,0,8868,371,1,4,2,0,0,13033
EPC1,0,0,315,3,2,1,0,0,0,35,0,0,1,0,0,0,0,0,0,0,1,0,12419,6,0,0,74,0,0,12857
CHTOP,4355,37,1081,1376,831,6,2,2,1327,1338,247,1,11,62,5,1,2,0,2,0,0,1,5,2083,4,10,5,1,3,12798
NFYB,0,0,68,547,30,0,0,157,0,766,0,5,3,5,0,0,0,0,0,0,6,0,2,109,2,1,10966,0,0,12667
RNF8,0,1,0,0,25,0,3,0,7,216,0,0,1,778,4,3,0,4,2,1,11229,4,0,0,0,0,0,4,30,12312
SMARCE1,2940,17,779,191,1271,12,0,1126,4,171,118,28,2,472,5,1,7,4,4,3,2,1,0,174,1,354,0,0,4609,12296
GATAD1,0,0,99,0,69,6,0,5,1,1483,1,1590,7,231,3,4064,2,0,0,3,16,1,0,203,1,3,0,2,4314,12104
YY1,14,0,12,753,509,7,1,45,2,289,205,2,6,294,0,3,4,1,0,3,2067,2,0,63,1,1,0,10,7787,12081
CTBP2,0,1,2329,170,1024,2,0,150,1,120,0,1543,0,1,3,1,1,0,1,0,0,0,5575,693,23,332,1,2,1,11974
JMJD1C,0,1,4,357,1,7,1,60,1,0,1,20,0,4,0,6291,2,0,0,0,1826,1,0,15,26,0,0,0,3303,11921
ACTR3B,0,1,0,0,60,2,0,0,5,0,0,0,0,0,0,0,2,1,1,4,4274,6,1,36,5744,0,0,0,1702,11839
USP22,0,1,1557,522,787,3,0,752,4,1389,281,1458,6,351,1,310,3,7,0,2,539,0,1,522,457,1,1,2,2829,11786
HJURP,1,0,0,0,0,0,0,1,0,3,0,0,0,0,3,0,0,0,0,0,1303,0,2,717,3,6,9488,0,182,11709
EID1,0,3,17,3,940,2,1,0,10,772,1105,4606,4,3,5,0,0,8,1,2,1,1,3019,588,0,0,3,0,443,11537
PRKAB1,0,0,812,445,344,0,10,481,1,0,0,0,0,0,0,0,0,0,0,0,219,0,3404,407,1,1,5162,0,0,11287
DR1,0,0,865,0,443,1,0,0,0,276,1,0,1,0,4,0,2,0,0,0,0,1,9593,3,1,0,0,0,2,11193
DAXX,4605,37,24,1057,338,0,4,470,1,1189,0,2846,6,69,0,0,2,0,2,1,1,0,0,223,282,0,0,0,23,11180
CUL4A,2,2,921,0,562,9,2,7,18,1,1,18,7,1011,1,8300,6,1,3,3,3,0,28,106,0,0,0,6,0,11018
EP300,7619,35,1,0,1,7,1,213,6,2,1373,0,0,287,0,1,0,6,1,0,11,1,4,591,445,2,310,0,11,10928
JAK2,0,0,1,1,0,4,2,2,1,1,0,10,0,1,1,3477,1,1,3,2,1308,1,1,0,5839,0,1,0,261,10919
PRMT5,5106,25,138,71,503,4,0,430,1,1406,907,0,7,3,0,1,4,1,0,0,1,0,1818,440,1,6,36,2,1,10912
BAZ2A,13,0,625,34,246,2,2,0,0,328,428,19,1,106,0,4582,4,0,5,0,777,2,9,40,3256,1,0,1,282,10763
MBD2,1,2,1778,394,296,3,25,687,320,185,17,996,0,0,4,0,4,3,3,2,55,4,127,142,8,4,5688,1,0,10749
SMYD2,2,2,0,79,938,0,0,2,1,0,0,1,0,0,1,0,1,6,1,0,1804,1,7348,555,0,0,1,0,0,10743
RLIM,10,0,8,608,141,2,26,93,11,10,90,7,3,684,0,6,0,0,0,14,435,84,0,14,279,56,38,3,7733,10355
RBX1,24,0,10,9,532,3,1,27,682,791,1012,620,3,1220,8,560,4,3,0,0,493,189,514,807,1,0,0,3,2770,10286
CDYL,4289,19,0,0,6,0,0,0,3,0,2432,1506,0,87,0,0,0,0,1,0,0,0,246,39,1,457,104,0,1025,10215
WHSC1L1,6241,42,470,355,2,1,3,570,1,255,0,568,2,0,2,0,0,1,0,0,0,0,271,1189,0,0,2,0,0,9975
SETD2,0,0,934,51,226,0,7568,58,1,0,102,41,0,572,0,0,0,0,2,1,2,0,0,3,301,1,0,1,1,9865
RNF40,19,0,0,182,97,1,5,1052,864,9,577,3006,0,99,0,0,1,0,0,0,0,0,2017,1903,1,0,0,0,0,9833
SFN,624,5,190,66,26,0,0,1096,374,447,146,0,3,12,1,0,1,0,0,1,0,0,3,893,12,5927,0,0,0,9827
C17orf49,453,9,7,949,237,4,2,3147,27,2003,768,379,11,101,0,0,8,19,4,2,233,2,2,1337,0,110,0,1,1,9816
KEAP1,0,0,224,2,124,0,0,15,3,76,15,594,2,3,1,0,0,1,1,0,190,74,2,762,12,3945,3611,0,121,9778
HP1BP3,1,0,922,216,401,1,0,1,0,651,336,9,2,387,3,0,1,7,1,2,24,3,2,161,4236,0,22,2183,10,9582
RCOR3,0,6,2,0,78,0,1087,8,304,0,0,30,1,64,2,0,1,2,8,1123,6097,7,0,59,0,0,9,0,685,9573
MORF4L1,1,5,758,1517,280,3,12,19,437,509,1657,36,1470,130,1,1,0,9,3,2,728,4,4,97,300,4,1551,1,25,9564
CCDC101,26,2,3,0,12,0,0,0,0,3,0,0,0,0,0,0,0,0,0,1,0,0,9416,55,0,6,0,0,0,9524
BAZ1B,0,0,120,0,148,0,0,11,1,17,78,0,0,0,0,0,0,0,0,0,2,0,8989,0,0,3,1,0,0,9370
VDR,4,0,2,806,168,2,0,1376,7,137,0,138,0,0,0,1,2,1,1,1,1589,0,0,54,1,1,0,1,5008,9300
HSPA1A,55,1,139,295,315,2,0,539,567,174,3332,12,2,34,4,1,2,0,2,0,422,0,6,496,9,2406,331,1,0,9147
CTCF,0,0,1135,1,509,2,0,1,0,1,0,677,0,0,9,0,0,1,0,0,3060,1,4,1140,1,3,2126,0,324,8995
PADI4,0,0,0,0,0,0,0,0,0,0,0,0,0,0,20,5,0,3,0,15,4536,3524,0,8,484,0,0,224,0,8819
BRWD1,0,0,2,103,264,3,2,23,116,527,4,1,5,148,3,0,2,3,0,0,2687,1,0,95,1,2,2804,3,2004,8803
TADA3,4107,24,53,376,382,0,3,93,593,709,0,11,5,24,0,0,0,3,1,1,4,0,290,1598,1,474,0,1,1,8754
DNMT3B,0,0,4,353,155,1,0,0,0,0,0,1,0,333,0,266,1,0,0,0,0,0,0,0,0,0,0,6979,615,8708
FBRS,1,0,340,9,61,0,4,86,4,6,1217,591,0,8,0,16,0,5,1,0,2024,88,677,340,2889,0,4,0,310,8681
AURKB,238,4,3,1453,122,1,0,0,15,0,0,0,0,636,1,0,0,0,0,0,0,0,2,579,1,3,5578,3,1,8640
SRSF1,1,0,95,104,674,2,12,22,20,547,43,0,5,434,3,72,1,0,1,0,7,2993,17,117,0,0,507,4,2806,8487
TLK1,59,11,0,0,63,1,0,193,354,672,2,1,6,8,0,0,4,7,3,6,4923,591,0,66,1,0,0,1378,1,8350
CXXC1,0,0,0,0,77,0,4,0,4,795,719,0,2,36,0,0,3,0,0,0,1,0,6293,319,0,59,0,0,0,8312
ATN1,842,8,113,3,103,1,424,390,208,45,256,131,0,131,0,0,1,2,0,0,160,0,3653,594,77,2,1068,1,0,8213
APOBEC3B,3800,29,10,2066,131,0,0,0,0,0,1296,1,0,635,2,0,0,1,1,0,0,0,0,72,0,0,54,2,0,8100
MDC1,0,0,0,1,132,2,0,0,0,153,3,2,7733,31,1,1,0,1,0,0,0,0,0,1,0,0,0,1,0,8062
USP16,5053,27,710,134,332,2,0,533,475,18,76,0,2,522,2,0,1,0,1,1,0,0,1,158,1,0,1,2,0,8052
PCNA,2812,13,0,0,822,0,1,2,0,133,0,94,3,861,1,0,2,0,1,0,0,0,2,689,1,2,2586,3,0,8028
FOXP4,2884,18,315,111,82,1,0,787,182,896,0,412,2,330,0,1,3,1,0,0,0,1,790,1082,0,92,3,2,0,7995
BRD2,0,0,2,19,604,0,0,40,0,1,695,3,3,1,2,1,2,0,0,44,4,0,6,766,5755,4,5,1,1,7959
KDM5B,0,0,2738,122,593,1,0,289,0,634,1588,0,5,92,5,0,0,6,1,0,0,1,1,370,0,4,1476,3,0,7929
REST,0,0,735,441,474,0,2,4,52,472,0,1,1,10,5,0,1,0,2,1,4863,1,9,49,0,0,231,0,530,7884
SMARCC1,589,5,1103,369,718,1,0,3,197,197,628,637,2,114,1,0,0,0,0,1,1586,1,1706,24,0,0,0,0,0,7882
RCOR1,0,0,4,200,891,7,0,702,2,21,1,0,1,682,3,1,2,0,1,0,0,0,1,210,493,1,0,2,4627,7852
RUVBL1,0,0,2,502,444,1,0,0,0,1248,645,3901,3,0,6,0,7,0,0,0,0,0,4,1018,0,2,0,1,0,7784
SUPT6H,0,1,40,0,31,4,0,0,1,541,2,1881,0,0,0,0,1,1,0,2571,0,3,2,261,2,1,0,0,2321,7664
USP3,0,0,67,18,514,0,1,60,1,448,0,0,0,766,0,1,3,0,0,0,1397,1,1,439,4,11,3891,2,0,7625
MLLT1,0,0,25,0,48,0,0,2,0,336,20,105,3,4,2,0,0,0,0,0,93,0,4791,205,0,4,1853,0,0,7491
ASH1L,131,1,2,159,379,10,1,427,323,532,1,1413,1,1,1,0,5,3,1,5,1,0,0,529,8,3,366,2995,124,7422
SPEN,0,0,0,0,0,0,0,0,0,73,0,3,2,0,0,478,0,0,0,1,0,1,0,24,0,0,1,6716,8,7307
PKN1,2,0,153,614,28,1,0,0,0,537,9,26,1,0,0,0,0,10,1,1,0,0,124,2750,1,1,2614,0,369,7242
UBR5,0,0,7,887,418,0,0,466,6,107,896,816,0,685,2,0,6,0,0,6,695,2,1218,156,2,1,2,1,827,7206
PRPF31,16,1,4,498,95,0,0,441,49,437,7,524,1,44,0,0,0,9,1,0,0,0,4930,117,0,0,0,0,0,7174
DDB1,0,0,616,371,682,2,23,332,515,96,154,1446,258,833,1,0,1,2,2,1,0,2,58,616,0,1008,119,5,0,7143
NCOA6,0,1,983,16,229,0,0,736,434,15,1680,722,0,0,5,0,1,3,1,0,1435,0,320,553,1,0,2,1,0,7138
TRIM27,12,1,241,1691,116,2,0,13,10,175,2070,0,2,5,4,2,5,23,3,0,11,1,9,1663,3,1045,2,1,0,7110
RBBP4,1,0,50,1,499,0,0,770,2,376,1,94,2,11,1,0,0,0,0,0,0,1,3,511,11,4585,0,0,1,6920
UBE2A,0,1,166,748,161,7,0,577,23,99,157,0,0,17,1,0,2,1,0,0,316,0,1,140,6,2569,13,192,1683,6880
HCFC1,185,2,9,24,183,0,0,583,543,194,0,75,1,160,2,0,0,0,1,0,108,0,4038,249,0,11,2,0,456,6826
GADD45B,1,0,63,2750,76,1,0,2224,389,733,54,0,3,26,2,1,0,2,0,2,0,0,193,261,0,0,0,1,0,6782
ENY2,0,0,9,341,386,0,1,537,59,16,0,389,0,212,3,1,2,2,1,0,0,0,514,712,9,3581,0,0,0,6775
PHF19,31,0,0,0,182,0,0,0,0,0,0,0,0,546,0,0,0,0,0,0,0,0,164,507,0,2,5304,4,0,6740
KDM5C,0,0,14,26,30,3,0,14,0,11,88,9,3,1,0,6487,3,0,0,0,0,0,0,5,0,0,0,1,0,6695
ALKBH1,0,0,0,0,108,0,0,0,0,0,0,2,2,0,1,0,1,0,0,0,0,0,0,0,2,3,6531,0,0,6650
SPOP,0,1,0,0,238,4,0,977,1,64,2,38,0,25,0,48,7,2,0,0,8,0,1,1635,3111,0,0,0,480,6642
NIPBL,1,2,3,132,356,4,0,1,0,0,1661,1037,1,118,2,0,2,2,0,0,1200,0,362,186,0,15,290,381,880,6636
PHF20,159,0,803,284,593,3,0,437,350,1481,153,1249,9,444,2,0,0,1,0,0,1,150,3,373,2,1,41,2,2,6543
SRCAP,369,2,320,181,77,0,0,19,0,15,694,9,0,22,0,0,0,1,1,0,1,1,4461,264,0,0,0,0,98,6535
SMYD3,0,1,453,93,102,0,0,3066,21,1211,0,151,2,0,0,0,0,1,1,0,1,0,1,1358,5,1,0,0,0,6468
SUDS3,0,0,5,1396,21,0,1,0,0,464,0,0,2,34,1,0,1,0,0,0,1153,1,0,54,172,0,0,1,3150,6456
RING1,1924,12,105,277,50,0,0,0,0,1120,1279,1,5,369,0,1,1,0,0,0,0,0,25,234,0,0,0,3,1038,6444
EXOSC4,0,0,7,37,3,0,0,65,3,514,24,23,3,15,0,0,0,0,0,0,0,0,4313,934,0,1,0,0,481,6423
CDH1,0,0,144,85,290,1,0,758,3,1697,215,664,1,1456,0,0,1,0,0,0,0,0,0,934,0,30,5,1,0,6285
MBD1,0,0,10,0,8,0,0,12,1,1644,10,928,3,761,0,0,4,0,0,0,0,0,2,493,0,93,3,3,2304,6279
TOP2A,84,0,30,3970,1350,2,1,0,56,10,1,1,1,84,18,0,0,1,0,0,0,1,4,638,2,0,2,1,0,6257
SIN3B,0,0,25,716,27,0,2,133,3,25,0,40,0,32,0,11,0,0,2,1,885,60,1,308,1593,3,2182,131,72,6252
KDM4D,0,0,0,0,0,0,0,0,0,0,0,0,1,0,0,0,0,0,0,0,0,0,6224,0,0,1,0,0,0,6226
PHF1,0,0,0,2,1,2,0,6,0,0,0,18,0,0,5,5354,0,0,0,0,1,0,0,35,560,0,0,212,8,6204
ARID2,101,1,0,0,38,0,0,893,3,0,0,0,0,0,0,1,2,4,0,0,1690,1,0,65,1,0,0,2855,524,6179
TTK,0,0,0,0,0,0,0,0,0,0,0,0,1,1,0,0,0,0,0,0,0,0,1,69,1,2,6097,0,0,6172
PRKDC,0,3,0,0,1177,0,0,7,2,674,0,12,1,0,0,0,0,0,0,0,0,0,8,935,7,3340,3,0,0,6169
PDP1,0,0,126,151,398,0,0,578,2,0,925,2,0,0,0,0,2,0,0,0,0,0,2,77,1,1,3885,0,1,6151
KAT6A,0,0,61,7,99,3,2,932,16,473,0,0,2,2,0,0,10,2,5,4,2211,217,25,100,14,11,0,11,1854,6061
HIF1AN,0,0,189,1742,28,1,0,22,19,1246,0,1,6,3,1,1,0,3,0,723,47,1,1943,58,0,0,0,0,0,6034
SP100,1536,17,361,1,201,2,5,135,548,50,2,2,1,2,1,12,1,1,3,4,1,0,2551,134,4,2,0,1,359,5937
PRMT2,0,0,1203,340,236,1,1,2,0,595,3,1,2,219,1,0,0,0,0,0,150,0,713,493,58,1815,0,3,34,5870
PGR,5313,31,0,0,4,1,0,0,0,296,0,132,1,0,0,0,0,2,0,3,1,0,0,0,0,0,0,0,0,5784
TFPT,0,0,4,10,0,0,0,14,0,60,0,108,1,0,0,0,0,0,0,0,0,0,1,422,3458,1641,40,0,0,5759
BRD3,2,1,25,0,177,1,7,14,0,579,81,8,2,0,0,0,0,2,2,2,3573,2,78,184,163,2,4,0,848,5757
SMEK2,0,0,0,4,166,1,1,200,2,136,959,0,0,510,3,0,0,2,1,0,956,0,1,18,854,1913,2,3,0,5732
MLLT6,3,1,8,728,251,0,0,67,0,995,1231,1,3,1083,1,113,0,5,1,0,1,0,3,430,3,709,25,4,0,5666
L3MBTL1,0,0,0,0,21,1,0,2,1,3,0,1,0,0,0,0,3,1,1,0,4968,0,0,2,0,0,2,0,588,5594
HMGN4,0,0,214,0,210,2,1,921,5,1055,29,1189,3,0,3,0,0,0,0,1,1,3,1885,3,0,1,4,1,0,5531
BRD4,0,0,272,6,353,1,337,6,165,568,7,716,4,30,0,639,0,0,0,0,799,0,127,48,0,0,26,1409,2,5515
FOXA1,222,2,147,419,336,2,2,64,118,206,344,2,1,188,1,0,0,3,5,0,1,4,3250,184,2,1,1,0,0,5505
CHD3,0,1,632,0,86,0,2,30,20,553,2503,0,0,86,1,0,0,0,2,0,1436,1,0,54,0,0,0,1,0,5408
MPHOSPH8,6,1,2,1,127,0,0,1,15,353,400,0,0,337,0,1,0,3,0,3,7,2,67,3,6,3316,0,3,725,5379
BRPF3,0,0,580,0,130,1,0,860,2,0,1140,0,3,619,1,0,4,0,0,0,135,0,1551,311,0,2,1,3,1,5344
CSNK2A1,2874,16,114,0,155,0,0,0,105,164,846,26,0,728,0,1,1,0,0,0,1,0,0,151,3,146,2,5,0,5338
CREBBP,19,0,681,5,180,1,1,1888,302,94,0,57,2,683,6,0,3,2,1,1,389,0,5,845,0,0,1,2,0,5168
SETD5,2,0,42,751,189,1,0,251,0,1270,744,1148,3,0,7,1,1,0,4,0,0,0,9,738,0,0,3,0,0,5164
DDX21,1,2,1,115,1279,3,4,1362,17,78,9,1759,2,404,7,1,0,4,4,1,1,0,1,73,1,1,2,0,3,5135
TLE1,0,0,732,79,101,0,0,0,0,7,0,0,0,0,0,0,0,4,0,0,7,0,3126,222,0,0,839,0,0,5117
TP53BP1,0,2,0,0,114,1,0,1,0,0,1,1370,1,857,1,0,3,0,0,0,446,0,2,802,733,0,1,2,741,5078
NASP,78,2,4,738,470,1,0,878,345,1,30,0,2,31,1,1,0,0,0,0,1985,2,40,459,3,0,5,0,0,5076
MOV10,0,0,0,0,36,3,0,0,0,1883,78,197,9,31,0,0,0,0,0,0,730,0,1,846,0,29,1206,0,0,5049
SMARCA2,0,0,0,0,208,4,0,0,0,1,0,0,0,0,7,1,14,1,0,0,105,2,1,13,1,7,6,0,4649,5020
NSD1,0,0,0,66,44,1,0,55,0,178,27,45,1,0,0,52,0,6,0,0,340,0,1610,203,1,4,0,2337,21,4991
MSL1,3,0,2,358,545,1,15,1194,14,59,431,1577,0,520,0,0,3,4,5,7,170,62,0,3,2,8,2,2,0,4987
PRKAG1,0,0,1601,3,196,2,0,493,2,6,1,1,2,2,2,3,0,0,0,9,0,0,4,687,0,0,1964,0,1,4979
MBD4,1,0,0,139,222,0,0,403,115,3,0,109,0,0,0,0,0,1,1,2,1523,2,0,97,6,2105,0,48,167,4944
USP36,0,0,60,870,353,0,0,1850,10,175,180,1,1,815,6,1,0,0,1,0,0,0,1,556,0,1,0,4,0,4885
ELP2,0,0,960,0,280,3,0,899,7,724,933,1,1,953,0,1,0,1,0,0,0,2,1,111,0,0,0,5,1,4883
KAT6B,3102,15,154,0,108,1,0,15,0,205,260,856,0,34,0,0,0,1,0,0,0,0,0,4,2,0,0,0,0,4757
SIRT2,950,3,1,174,189,1,1,3,0,424,0,42,7,442,1,0,0,1,0,1,0,0,2302,201,0,2,0,3,0,4748
HDAC2,0,1,425,1176,816,2,2,0,0,1452,26,445,3,276,1,2,0,1,0,1,0,1,1,53,2,0,0,0,49,4735
NCOR1,317,0,1,83,318,9,1,179,295,2065,52,19,6,21,8,1,9,0,1,0,1100,0,4,150,16,1,0,1,75,4732
PCGF3,2,4,490,2,42,0,2,4,1,1211,417,0,5,557,2,0,4,2,1,4,351,6,2,308,1251,0,1,3,0,4672
SMARCD2,0,0,0,0,3,0,0,0,0,1,0,0,0,0,0,0,0,0,1,0,65,0,212,4049,1,14,243,0,0,4589
EXOSC7,0,0,0,0,97,1,0,0,0,18,0,0,0,0,0,0,0,1,0,0,0,0,39,570,3,6,3838,0,0,4573
POLE3,0,1,0,1,315,2,1,461,331,46,1693,0,0,826,3,2,1,1,1,1,0,0,0,318,0,1,2,2,475,4484
RUVBL2,0,14,8,24,315,0,0,38,126,1431,74,1,9,53,0,1,0,1,0,0,0,0,5,2259,1,5,54,0,0,4419
ASF1B,3382,21,0,12,140,0,123,0,0,0,0,0,0,136,0,0,0,0,0,0,0,0,1,275,0,0,326,1,0,4417
SETD6,3,0,637,633,286,2,0,4,0,92,0,1,0,7,1,0,4,0,0,0,724,0,53,1406,0,5,556,1,1,4416
SUV39H1,1181,12,0,2,177,1,0,0,0,0,0,2,0,2,0,624,0,1,0,0,0,0,6,1494,0,0,0,0,911,4413
PAK2,0,0,319,2,308,3,1,1,5,113,0,1151,2,0,5,0,0,0,0,0,0,0,11,456,3,2007,1,0,1,4389
MCRS1,1,1,1,466,369,0,0,8,0,717,1099,237,1,666,0,0,0,24,3,0,1,2,4,777,0,7,1,1,0,4386
TLE4,0,0,0,0,0,1,0,0,0,0,0,3,1,0,0,1457,1,0,2,0,0,0,0,0,43,0,0,0,2874,4382
KAT8,896,2,76,91,118,0,0,0,0,0,0,0,1,1700,1,0,0,0,1,1,2,0,55,339,1000,1,9,6,0,4299
RB1,913,5,0,73,13,2,1,3,1,4,0,0,0,0,2,0,0,0,3,3,464,2,0,38,5,0,0,2693,2,4227
EHMT2,0,0,0,0,186,0,0,1,0,17,257,0,1,71,0,0,0,0,0,0,0,0,2,739,0,2,2876,1,0,4153
CBX1,0,0,4,174,610,0,0,404,1,332,0,578,2,0,2,0,0,0,0,0,0,0,1157,347,0,42,467,0,0,4120
SUV420H1,1,4,920,0,276,3,7,861,116,1889,1,1,5,0,0,1,2,10,4,3,6,7,0,0,2,0,1,0,0,4120
BRE,0,0,0,1,187,0,0,0,0,1,0,1660,0,0,0,0,1,0,0,0,0,0,3,2228,0,0,1,0,0,4082
SETD1B,2,0,22,1,19,3,1,0,0,495,0,0,1,131,0,0,1,15,2,2,25,0,0,86,0,0,0,0,3178,3984
ASXL1,0,0,298,472,166,0,0,17,3,236,432,0,0,924,0,0,0,0,0,0,916,0,0,38,1,0,0,3,394,3900
HIRIP3,1487,8,0,378,95,0,1,3,0,0,598,0,0,0,0,0,0,0,1,0,0,0,608,695,0,0,0,0,1,3875
SF3B3,0,2,0,0,493,1,0,73,6,165,0,1690,0,128,1,0,0,0,1,0,0,0,428,867,0,0,0,2,0,3857
USP11,0,0,0,0,135,0,0,682,0,239,1740,979,2,0,0,0,1,0,0,0,1,2,3,61,0,0,0,0,0,3845
EP400,0,0,0,2,414,1,0,3,0,134,1308,66,1,1133,1,1,2,0,0,0,0,11,3,703,0,0,0,2,0,3785
MECP2,0,3,91,0,53,0,0,429,1,0,119,0,0,0,0,0,0,1,0,0,487,0,0,0,2014,557,8,0,15,3778
BMI1,69,4,214,1207,71,1,0,119,59,684,122,189,0,226,1,0,0,35,1,2,0,19,2,730,0,0,13,4,0,3772
CBX2,0,0,0,17,0,0,0,382,1,681,0,9,1,704,0,0,0,0,0,0,0,1,1042,919,0,0,4,4,0,3765
PARP2,0,0,31,1117,275,6,1,0,536,1160,0,1,1,25,3,0,0,0,0,0,0,0,4,574,0,0,0,1,2,3737
DNTTIP2,88,1,3,92,400,2,0,2540,10,338,1,0,0,208,0,0,1,0,0,0,0,1,0,41,0,0,2,3,0,3731
APOBEC3G,4,0,0,0,7,1,2,706,2,0,0,0,0,0,0,0,6,0,0,0,0,1,0,0,0,0,0,0,2990,3719
PHF12,0,3,8,1,182,0,2,0,0,0,0,1112,0,1,4,0,2,11,2,4,2,5,1,50,1906,0,1,21,396,3714
PRDM4,0,0,1,579,56,0,0,1043,0,71,0,0,0,51,0,0,0,0,0,1,174,1586,0,99,0,0,0,0,0,3661
NAP1L4,3,3,91,6,60,0,10,19,531,79,390,2,0,41,0,0,1,11,0,0,569,0,7,708,1072,0,6,0,14,3623
SMARCA5,1354,17,35,46,908,0,1,22,5,0,0,3,0,486,1,0,0,1,0,0,1,346,58,189,1,0,0,4,133,3611
TBL1XR1,1,0,1,97,0,1,0,0,0,2,0,767,1,0,2,74,1,5,0,1,154,0,0,17,0,53,1,1992,400,3570
CHAF1A,0,0,0,0,135,0,0,0,0,64,0,0,0,0,1,0,1,0,0,0,0,0,1,82,8,3274,0,0,0,3566
HLCS,0,1,1057,884,99,1,0,126,921,0,0,20,0,8,4,38,0,1,0,0,0,1,0,360,0,0,1,0,0,3522
ZMYM3,0,0,575,0,467,2,0,0,0,140,1705,397,0,1,1,1,1,0,0,0,0,0,1,190,0,1,0,0,4,3486
SMARCC2,1,0,11,145,142,1,0,0,7,52,1444,122,1,140,1,0,6,1,0,9,41,1,0,516,0,48,0,1,789,3479
INO80B,0,0,226,3,144,1,0,126,0,39,1048,6,0,198,0,5,0,0,0,0,0,1,10,1302,0,88,3,3,272,3475
MORF4L2,70,0,363,1109,1578,1,1,112,1,15,0,0,0,52,4,0,1,0,0,0,0,0,0,15,0,0,116,0,0,3438
TAF9B,124,0,3,951,237,4,0,0,0,1710,1,399,5,0,1,0,0,0,0,0,0,0,0,2,0,0,0,0,0,3437
MINA,0,1,0,0,194,6,0,160,0,214,0,1,3,546,0,0,5,0,0,0,0,0,1,90,2,1,2203,2,0,3429
VPS72,0,0,8,1886,183,0,0,22,0,131,766,0,3,0,3,0,0,0,0,0,0,0,1,390,1,2,0,1,0,3397
EZH1,29,1,0,0,254,3,0,1,1,0,0,0,0,709,0,0,0,0,0,1,1595,0,0,4,0,0,0,2,789,3389
PCGF5,51,0,19,0,46,0,1,3,565,440,28,905,3,912,1,0,0,1,1,1,302,0,0,55,0,0,13,1,1,3349
MTA3,0,0,1064,91,606,0,0,135,0,1113,42,0,5,14,1,0,0,0,0,0,0,0,1,266,1,2,0,1,0,3342
NCOR2,1,0,14,191,147,2,0,269,1,245,203,4,0,149,2,0,0,0,0,0,223,0,952,900,15,0,0,2,0,3320
ACTL6A,0,0,710,33,706,1,0,194,1,4,0,1011,0,319,1,0,1,0,0,0,2,0,0,315,0,6,0,1,0,3305
TEX10,0,0,1,1,260,2,0,173,1,148,1,10,2,1,0,2621,1,0,0,0,0,0,0,4,0,0,0,0,0,3226
SETD7,0,0,833,532,481,0,0,2,0,44,0,1075,2,0,2,0,0,0,0,0,0,0,217,6,0,0,0,0,0,3194
BRD7,0,1,770,2,158,2,0,458,2,19,257,4,0,0,13,0,2,7,1,4,40,234,1,548,0,3,647,1,1,3175
KAT2A,0,0,0,29,12,1,0,851,4,370,4,1578,1,3,0,0,0,2,0,0,0,0,0,266,0,0,51,0,0,3172
SAP130,2,2,566,0,5,3,1,1,0,0,0,34,0,20,0,1,0,4,1,0,0,0,1,219,2153,0,147,0,0,3160
SP1,0,0,2,1,0,0,0,0,0,398,0,14,1,100,0,0,6,39,1,1,2071,0,0,319,88,3,60,0,0,3104
NEK6,0,2,2,0,0,2,0,0,0,0,0,1095,0,0,1,0,0,0,0,0,0,0,2,466,1,0,1520,0,0,3091
MEAF6,0,3,3,339,304,1,1,686,108,283,0,568,0,327,4,0,0,17,0,0,0,3,6,22,1,0,401,1,0,3078
TADA2B,16,0,2,220,189,0,0,1,7,248,0,211,0,1,0,0,0,0,0,0,0,0,1965,98,2,2,3,70,0,3035
CHD6,0,2,471,733,438,1,0,169,8,672,54,24,5,62,0,0,2,1,1,0,0,0,3,85,0,0,0,0,292,3023
CUL4B,0,1,908,0,0,0,0,0,2,1,0,9,0,0,2,0,0,0,0,0,1586,0,0,97,0,0,5,1,403,3015
HDAC11,4,0,20,0,118,0,0,0,0,265,0,1877,2,26,0,0,0,24,0,0,1,0,4,671,0,0,0,0,0,3012
ATXN7L3,0,0,0,0,424,0,0,0,1,685,1,549,5,1,0,0,0,0,0,0,810,0,0,0,0,0,0,0,504,2980
SMARCA1,0,0,4,627,4,0,0,0,0,1239,1087,0,10,1,0,1,0,0,0,0,0,0,0,0,0,0,0,0,0,2973
CHAF1B,1168,10,0,685,115,0,0,0,0,0,0,678,0,0,0,0,0,1,0,1,0,1,2,249,0,0,0,0,0,2910
APOBEC3A,1635,15,4,445,30,0,0,0,264,0,255,0,0,132,1,6,0,2,2,1,0,0,0,53,0,0,25,1,0,2871
BRMS1,0,0,0,9,1,2,0,624,7,1815,1,325,9,1,3,0,0,0,0,0,0,0,0,35,1,3,2,0,0,2838
ASXL2,0,0,0,0,162,1,0,0,0,0,20,1901,2,11,0,0,0,0,0,0,1,0,0,339,0,1,381,0,0,2819
DNAJC2,0,0,67,570,195,0,0,0,15,143,316,634,1,118,5,0,3,0,0,0,0,0,17,265,0,452,0,1,1,2803
TP53,0,1,0,128,106,0,3,0,4,80,0,5,2,0,0,2466,0,0,1,0,2,0,0,0,0,0,0,0,0,2798
FOXP2,0,0,0,0,0,0,0,304,0,0,1,0,0,0,0,0,0,0,0,0,0,0,2491,0,0,0,0,0,0,2796
SETDB1,0,1,217,0,94,0,1,382,958,60,0,0,1,2,0,51,0,4,3,0,0,0,1,7,0,0,62,0,927,2771
SIN3A,0,0,4,53,198,1,0,3,0,5,1103,0,0,0,0,1,4,0,0,0,0,0,1030,367,1,0,0,0,0,2770
SUV420H2,0,0,2,0,48,0,81,0,0,259,0,0,1,224,0,0,0,0,0,0,16,0,2079,1,0,0,0,0,0,2711
DDB2,0,0,2,424,108,0,0,1,0,0,0,0,0,0,0,0,0,0,0,0,0,0,238,0,0,0,1813,0,69,2655
L3MBTL2,0,0,0,0,339,0,0,21,1,763,0,1,5,0,0,0,0,0,0,0,0,0,0,485,1,1,1019,0,1,2637
ZHX1,0,0,1,0,125,1,0,529,2,703,1235,3,1,0,3,0,1,0,0,0,0,0,0,1,0,0,0,0,0,2605
ATRX,1,2,0,50,735,1,4,10,21,28,0,3,5,870,3,0,4,15,2,2,365,3,51,408,7,2,2,1,0,2595
DNMT1,0,0,6,0,128,1,5,1,402,0,23,0,0,281,9,4,0,2,0,0,1010,1,1,713,0,0,0,1,0,2588
SYNCRIP,33,0,883,258,489,2,0,471,0,297,0,0,2,21,2,0,0,0,0,0,0,1,1,34,7,5,56,1,1,2564
HMGN3,9,0,0,0,49,0,0,0,4,1195,0,256,7,269,0,0,1,0,0,0,0,0,1,745,0,0,23,0,0,2559
HLTF,0,0,1,163,104,2,0,0,0,0,0,6,1,0,7,2178,0,0,0,2,0,1,0,53,0,0,0,0,37,2555
GATAD2A,1,1,28,0,107,1,4,3,5,515,0,0,3,0,0,0,0,7,6,4,1691,104,1,7,0,0,0,0,22,2510
PRR14,2,1,0,53,42,0,1,576,9,216,430,147,1,251,1,0,0,2,0,1,161,0,0,356,0,0,234,1,8,2493
PCGF1,0,0,518,810,1,0,0,151,2,55,138,0,0,0,0,0,0,0,0,0,0,0,2,814,0,0,0,0,0,2491
ARID1B,0,0,94,0,9,0,1,207,0,417,50,1236,1,2,1,0,4,1,1,1,292,2,0,0,0,0,0,12,157,2488
ING1,0,0,0,206,0,0,1,1615,7,206,0,0,1,0,0,0,0,0,0,0,0,0,280,48,0,1,0,0,116,2481
TFDP1,0,0,0,0,242,3,7,0,94,86,0,597,0,931,0,0,1,0,1,0,0,0,2,498,0,0,1,4,0,2467
KAT5,4,0,0,0,289,0,1657,1,392,16,0,0,0,54,0,0,0,2,0,0,0,1,0,18,0,0,0,1,0,2435
ANP32A,0,0,8,14,496,0,0,91,0,23,361,34,1,0,0,1,0,0,0,0,0,0,2,136,0,1,1130,0,102,2400
CBX6,0,0,248,6,38,0,0,80,0,248,77,0,0,215,0,0,0,0,0,0,47,0,4,33,0,0,0,2,1371,2369
TAF12,0,0,0,0,4,0,0,0,0,0,1,0,0,0,2,0,1,0,0,0,0,0,0,210,0,0,335,0,1788,2341
NFRKB,1,0,2,633,780,2,0,534,1,0,0,162,0,0,1,0,2,0,0,0,0,1,0,195,0,0,0,0,0,2314
HMG20B,0,0,30,111,8,0,1,1,1,145,15,36,2,163,0,367,0,0,0,26,226,0,1,155,1,467,1,133,419,2309
HMG20A,3,0,0,0,34,2,0,19,0,5,1,1,1,550,0,0,2,1,2,1,2,1,1,0,0,0,0,2,1632,2260
RASSF1,0,0,0,459,124,0,0,83,10,0,87,1,0,0,0,1,0,1,0,0,425,0,1,1036,0,0,0,0,0,2228
ZNHIT1,3,0,0,15,92,4,3,8,0,202,53,39,2,488,2,1,3,0,0,0,128,0,1,877,0,0,174,1,132,2228
SETMAR,0,0,143,1178,167,1,0,543,77,0,0,0,0,54,0,1,1,0,0,0,0,0,0,48,0,0,0,0,0,2213
NAA60,22,0,89,27,57,0,0,287,291,20,484,219,0,5,0,0,0,0,0,418,0,1,160,108,2,0,3,0,0,2193
PADI2,0,0,0,0,1,0,0,0,0,0,0,0,0,0,2,0,3,0,0,0,0,0,3,385,1,25,1773,0,0,2193
INO80D,0,1,0,0,127,0,0,0,0,0,0,0,0,0,0,0,0,1,0,0,90,0,1907,53,1,0,0,0,0,2180
ZBTB16,0,1,0,2,1,1,0,1,4,0,0,0,1,0,118,18,2,3,1,2,829,244,84,0,310,0,0,1,543,2166
EXOSC1,0,0,69,109,24,1,0,0,13,110,1160,97,2,474,1,1,0,0,0,0,0,0,0,78,1,8,2,2,0,2152
SUPT16H,0,0,0,0,1017,1,0,0,0,91,1,0,2,2,2,1,1,0,0,0,178,0,1,854,0,0,0,0,1,2152
DDX50,0,0,93,220,634,0,1,0,451,0,0,0,0,405,0,0,0,0,0,0,0,1,0,334,1,0,0,4,0,2144
CDK5,1287,10,1,0,133,1,0,1,0,0,48,0,0,0,0,2,0,0,0,0,0,0,0,659,0,0,1,0,0,2143
CDK1,23,0,2,251,3,0,1,0,0,0,0,0,0,14,0,0,0,0,0,0,0,0,0,76,1767,0,0,0,0,2137
CARM1,0,0,15,107,6,0,0,20,1,6,0,91,0,0,0,0,0,0,0,1,0,0,0,182,0,0,1699,0,0,2128
GATAD2B,0,1,37,0,1,2,0,389,4,0,190,0,0,16,1,0,2,0,0,1000,98,0,7,307,0,1,0,36,1,2093
PCDH10,0,3,471,1415,160,0,0,0,0,0,0,0,0,0,0,0,0,0,0,0,0,0,0,0,0,0,0,0,0,2049
MAPKAPK3,0,0,2,516,0,0,0,0,0,0,2,0,2,752,5,0,1,1,0,0,0,0,0,685,1,0,0,4,0,1971
HDAC1,0,0,325,91,53,0,0,56,2,103,39,104,1,24,1,1,0,0,1,0,318,0,0,76,597,1,170,0,0,1963
DEK,5,1,1,163,194,0,1,120,5,0,0,0,1,200,0,1,1,4,1,1,3,806,78,35,1,1,148,2,187,1960
PHC3,1,2,185,1,75,1,76,0,1,2,0,0,2,1,8,10,6,7,1,6,4,535,389,326,6,7,232,0,46,1930
KDM1A,0,0,3,40,257,0,0,0,0,23,0,4,0,851,0,657,1,0,0,0,0,0,0,0,0,0,0,4,89,1929
BAP1,0,0,3,724,94,0,0,0,53,0,114,1,0,617,1,0,0,7,2,0,0,1,1,286,0,0,0,0,0,1904
KAT2B,432,5,0,0,0,2,945,184,244,0,0,0,0,67,0,0,1,2,1,5,0,0,0,11,0,1,1,0,0,1901
IKBKAP,0,0,0,55,256,4,0,924,2,369,0,0,1,0,3,1,1,0,0,0,0,6,9,267,0,1,0,0,0,1899
UBE2N,58,1,0,62,244,11,0,48,92,282,342,8,3,110,1,1,3,0,0,0,0,0,1,426,0,199,0,0,0,1892
POGZ,49,1,377,2,111,2,0,16,0,10,378,0,0,904,0,2,1,6,1,0,1,0,0,3,1,0,10,2,0,1877
SHPRH,0,0,656,0,0,1,0,0,0,0,0,0,1204,5,0,0,1,0,0,0,0,0,0,0,0,0,0,1,0,1868
PHF10,0,0,0,0,244,2,0,85,0,1280,208,0,8,23,0,0,1,0,0,0,0,0,1,11,1,0,1,0,0,1865
CDC73,0,117,77,94,31,2,0,0,0,8,8,0,0,1518,0,0,1,0,0,0,0,0,0,0,0,0,0,5,0,1861
EHMT1,0,0,62,108,78,0,0,974,2,75,0,189,0,43,0,0,0,0,0,0,1,0,32,215,0,0,0,0,48,1827
EYA3,0,0,0,0,25,0,0,0,0,148,1,158,0,0,4,1096,1,0,0,0,0,1,1,385,0,0,0,0,3,1823
AURKA,0,0,1,30,325,0,0,0,0,0,0,0,0,0,0,0,0,0,0,0,0,1,0,437,0,1,998,0,0,1793
TDRD3,0,0,0,0,0,2,0,8,1,930,2,781,7,0,0,0,1,0,0,0,59,0,0,0,0,0,0,0,0,1791
MAZ,1,1,9,1,157,0,0,97,111,45,29,217,0,61,2,0,0,0,0,0,112,9,106,398,2,152,127,135,0,1772
LEO1,0,0,213,378,68,0,0,12,1,74,14,0,0,0,1,0,0,0,0,0,0,0,0,28,0,0,939,0,0,1728
SFMBT1,0,0,842,0,320,0,0,0,0,153,0,359,2,0,0,0,0,16,3,1,0,0,1,19,0,0,0,0,1,1717
CBX5,0,1,538,98,136,0,0,3,0,89,624,0,0,1,7,0,0,6,2,0,1,2,35,147,0,0,1,0,0,1691
PHC2,0,0,315,0,272,0,3,550,6,117,0,0,3,0,0,0,1,3,0,0,0,1,214,193,0,0,4,0,0,1682
NEK9,0,1,612,1,275,1,0,0,0,201,0,0,0,0,5,15,0,0,1,0,0,0,0,546,0,0,12,2,0,1672
EXOSC2,0,0,8,1026,223,0,0,0,0,0,0,0,0,0,0,0,0,0,0,0,1,0,2,404,0,0,0,0,0,1664
KDM2B,0,0,0,0,1,0,0,0,0,300,0,154,1,1098,0,1,0,0,0,0,2,0,0,84,0,0,0,5,0,1646
FHIT,0,0,0,0,0,0,0,0,0,1,482,1127,4,0,1,2,2,0,0,0,0,0,0,0,9,0,0,0,0,1628
HINFP,0,0,0,0,71,1,0,0,2,1,25,187,1,0,1,0,2,0,0,0,0,0,0,1,2,0,0,0,1312,1606
INO80,0,0,0,0,134,0,0,0,0,317,0,3,0,0,0,0,0,0,0,0,230,0,0,67,669,0,0,177,0,1597
LAS1L,0,1,85,0,261,1,0,347,223,1,1,5,1,165,1,26,1,0,0,1,0,2,15,454,0,3,0,0,0,1594
DPF2,157,0,53,1,134,1,0,286,0,2,1,0,1,0,0,0,1,0,1,0,0,0,2,165,0,0,0,0,764,1569
CSRP2BP,3,0,2,406,23,0,0,36,0,129,0,64,4,137,0,0,0,0,0,0,0,0,4,751,0,1,0,0,0,1560
DMAP1,0,2,137,496,147,1,0,1,0,433,0,0,1,0,0,0,0,0,0,0,0,1,1,317,0,0,0,0,0,1537
PARP3,0,0,1,396,138,0,9,0,0,716,220,0,5,0,0,0,0,1,0,0,0,0,0,21,0,0,0,0,0,1507
WDR77,0,0,0,12,441,1,0,0,512,0,0,0,0,64,1,1,5,0,0,0,0,0,3,449,1,0,0,0,0,1490
SS18L1,0,2,0,0,67,0,0,672,4,532,0,132,1,38,0,0,0,15,3,1,13,0,0,3,1,0,0,0,0,1484
C11orf30,0,1,1,89,74,0,0,370,678,0,0,0,1,180,1,0,0,0,0,0,46,0,1,34,0,0,0,0,0,1476
CHEK1,1315,9,0,0,79,0,0,39,0,0,0,0,0,0,1,0,0,0,0,2,0,0,0,16,11,0,0,0,0,1472
TDRKH,0,0,3,977,39,1,0,116,0,0,0,48,1,0,1,0,3,0,0,1,0,1,1,235,0,0,0,0,1,1428
DNAJC1,7,0,56,43,15,0,1,377,1,29,104,479,0,0,0,0,0,1,0,1,1,0,0,43,0,264,0,0,0,1422
ING4,0,0,0,23,64,1,1,24,1,321,365,0,1,0,1,1,1,1,0,0,236,0,0,3,0,0,0,0,372,1416
KDM1B,0,0,947,0,0,0,0,36,0,1,0,0,4,292,0,0,0,0,0,0,0,0,1,113,0,4,0,1,0,1399
MSH6,0,0,703,55,70,0,0,2,314,127,3,0,0,0,0,0,0,1,0,0,6,0,2,88,0,3,0,18,0,1392
TAF6,5,0,3,289,15,2,0,150,259,206,192,3,2,0,0,0,1,1,0,2,0,0,60,109,0,1,68,0,2,1370
SETD1A,0,2,1,428,38,0,0,110,1,0,0,413,0,0,0,0,0,6,0,0,0,0,165,192,0,0,0,0,0,1356
TAF10,32,0,20,24,42,0,0,77,1,88,0,0,0,8,0,0,1,0,0,0,80,658,0,172,1,119,9,14,9,1355
EZH2,27,0,0,0,268,0,145,24,0,0,0,0,0,101,3,0,0,0,0,0,140,7,0,82,109,0,367,75,0,1348
RPS6KA3,0,0,0,0,188,0,0,0,0,2,0,0,1,0,3,1,1,2,0,0,1120,1,0,20,0,0,0,1,1,1341
TADA1,0,0,0,0,27,0,2,3,0,0,0,1,0,0,4,0,2,1,3,0,1182,1,1,90,3,4,1,0,0,1325
DTX3L,0,0,290,292,225,2,44,0,0,0,0,0,2,368,9,0,1,0,0,0,1,0,29,42,0,0,13,0,0,1318
CECR2,0,0,0,0,0,0,1,1310,2,0,0,0,1,0,0,0,0,0,0,0,0,0,0,0,0,0,0,0,1,1315
BRD9,0,0,39,200,91,0,0,0,0,55,3,754,0,0,0,0,0,4,0,0,21,17,0,121,0,0,0,0,1,1306
TRIM16,0,0,140,175,34,0,0,0,0,2,842,0,0,0,0,0,0,0,0,0,0,0,2,102,0,0,0,0,0,1297
NBN,0,0,2,381,668,0,0,0,100,0,0,0,0,0,2,0,1,0,1,0,0,0,0,133,0,0,0,0,0,1288
PARP1,1,2,59,175,465,0,2,111,1,58,0,0,3,154,0,0,0,2,1,0,0,1,30,210,0,1,5,3,3,1287
CHD1L,163,6,0,0,222,0,1,1,64,0,1,1,0,108,1,0,2,2,0,1,477,0,2,228,0,0,0,3,0,1283
EXOSC9,0,2,0,0,456,0,352,3,0,1,48,2,0,7,1,0,0,0,0,0,0,0,81,8,0,0,316,0,0,1277
PBK,0,0,1,742,21,0,0,0,123,0,0,1,0,353,1,0,0,0,0,0,0,0,0,21,1,0,11,0,0,1275
UBN1,6,0,3,45,114,1,3,14,0,0,238,0,1,10,0,0,0,1,0,1,66,1,1,555,7,0,0,201,0,1268
ZMYM2,0,0,0,9,303,0,0,587,23,3,0,3,2,0,0,217,0,0,1,1,12,0,0,0,99,0,0,0,0,1260
MBIP,0,0,4,169,8,2,0,4,1,0,63,0,0,487,0,0,1,0,0,0,0,0,2,496,0,7,1,2,0,1247
WSB2,0,0,0,11,47,3,0,37,0,40,0,0,0,21,0,0,0,0,0,0,0,0,2,1082,0,0,0,0,0,1243
LBR,0,1,62,438,223,1,92,0,0,0,0,0,0,2,2,0,1,20,1,0,1,0,0,357,0,28,0,0,0,1229
ING2,0,0,253,0,125,1,1,43,401,0,247,0,0,0,0,0,1,1,0,0,0,13,0,134,0,0,0,0,0,1220
TDG,0,0,9,18,241,2,1,44,0,479,0,365,3,3,5,0,1,0,0,0,0,0,0,3,0,0,0,0,36,1210
ARID4A,0,2,0,0,166,0,2,3,0,143,0,0,0,0,0,0,2,1,2,0,0,34,7,425,0,0,1,0,408,1196
MAP3K7,0,0,0,0,254,1,0,50,96,275,484,0,0,0,2,0,0,0,1,0,0,2,1,14,0,0,0,0,0,1180
RRP8,0,0,0,0,133,0,0,409,3,81,0,0,0,0,0,27,0,19,1,0,0,0,1,495,0,0,0,0,0,1169
PELP1,0,0,0,0,56,0,1,35,15,205,0,102,0,251,1,0,0,0,1,0,0,0,157,243,0,0,95,0,0,1162
ACTR6,0,0,0,0,316,6,0,0,249,2,533,0,2,1,0,1,1,1,0,1,0,0,1,26,5,13,3,0,0,1161
DPF3,1,0,0,0,0,0,0,0,1,0,0,0,2,0,0,0,0,0,0,0,758,0,0,0,0,0,0,0,394,1156
ZMYND11,0,0,3,190,82,2,1,2,2,389,100,0,3,68,0,0,0,5,0,1,1,0,0,245,0,43,0,1,0,1138
FAM175A,0,0,0,0,12,0,0,10,1,167,333,578,0,5,0,0,0,0,0,0,0,0,1,29,0,0,0,0,0,1136
ZNF711,0,0,0,0,0,2,0,0,0,186,0,879,1,0,0,0,0,0,0,0,0,0,0,65,0,0,0,0,0,1133
ARNTL,0,0,0,0,0,1,0,0,1,14,0,0,0,68,0,1,1,1,0,1,0,1,1,16,0,1,0,2,1016,1125
PHF13,0,0,0,0,233,1,0,29,0,0,0,0,0,0,0,0,0,0,0,0,696,0,0,2,0,0,0,153,0,1114
SAP30L,0,0,0,0,0,2,2,369,1,321,0,206,2,48,0,8,0,40,10,0,0,1,42,32,0,0,11,1,1,1097
USP46,0,0,167,0,0,0,2,725,0,185,0,0,3,0,0,0,0,0,0,1,0,1,0,2,0,0,0,0,0,1086
FAM175B,0,2,0,0,0,1,0,0,0,10,0,357,0,0,0,455,0,0,0,0,0,0,0,242,0,0,0,0,0,1067
PRKCA,1,1,0,0,0,0,0,1,3,2,0,756,0,2,0,2,0,0,0,2,270,7,0,2,1,0,0,1,8,1059
SIRT1,154,2,353,0,215,1,0,55,0,153,0,27,1,0,0,0,5,0,1,0,59,0,0,21,0,0,0,0,0,1047
SMARCB1,0,0,48,0,272,0,0,147,0,64,11,0,1,0,0,0,0,0,0,0,0,0,4,479,0,0,21,0,0,1047
HDAC8,0,2,6,784,13,1,0,16,0,151,2,18,0,21,0,1,0,11,1,1,1,1,0,3,0,0,0,0,0,1033
SAFB,0,0,0,3,152,0,2,0,3,0,2,0,0,1,0,7,0,0,0,0,754,0,0,0,0,103,0,1,1,1029
EXOSC8,0,0,0,0,157,0,523,0,13,1,0,11,0,7,3,0,0,0,0,0,72,1,1,222,1,8,0,0,1,1021
NFYC,710,6,0,0,61,0,42,0,0,0,0,0,0,125,0,14,0,0,1,0,1,0,2,48,0,0,0,1,0,1011
CDK9,0,3,0,97,36,0,0,0,0,2,232,510,0,0,0,0,3,1,0,0,7,0,1,68,0,0,0,0,40,1000
PRDM2,0,0,0,0,11,1,0,0,0,0,0,0,1,0,0,2,0,2,0,1,80,3,0,5,890,0,0,1,0,997
GTF3C4,0,0,674,0,191,0,0,3,0,55,0,1,0,13,6,0,0,0,0,1,11,0,0,38,0,0,0,0,0,993
YEATS4,0,0,374,586,0,0,0,2,0,29,0,0,0,0,2,0,0,0,0,0,0,0,0,0,0,0,0,0,0,993
TADA2A,1,3,0,0,0,0,4,3,0,0,0,0,0,0,0,0,1,3,0,4,967,3,1,0,0,0,0,0,0,990
SIRT7,0,0,320,341,47,0,1,0,1,0,15,0,1,0,2,0,0,0,0,0,0,0,177,61,1,3,2,0,0,972
CHD1,164,1,0,0,181,1,0,186,0,54,0,0,0,0,5,1,0,1,0,0,314,0,1,59,0,0,1,0,0,969
BAHD1,0,0,0,50,120,0,0,43,0,0,90,314,0,23,0,0,1,2,0,0,12,0,0,128,151,1,1,0,0,936
USP12,1,0,0,0,3,0,8,1,0,0,1,1,1,1,0,0,0,2,2,1,465,6,0,5,13,0,2,0,400,913
UBE2E1,0,0,107,0,1,2,0,2,0,20,32,10,0,0,3,310,1,2,1,0,0,0,1,112,0,0,305,0,0,909
PBRM1,0,0,499,0,375,0,0,8,0,0,0,1,0,0,0,0,0,1,4,0,1,13,1,2,0,0,0,1,0,906
UBE2T,0,0,0,1,0,0,0,0,0,0,0,0,0,0,1,0,2,0,0,0,0,0,0,27,0,31,842,0,0,904
RNF20,0,0,0,0,62,1,0,0,219,3,0,0,0,0,0,0,1,0,0,0,0,0,1,606,0,0,0,0,1,894
VRK1,0,0,32,655,154,0,0,0,0,7,0,0,0,0,1,0,1,0,0,0,0,0,0,41,0,0,0,0,0,891
RNF168,0,0,0,0,122,1,0,0,0,252,0,0,2,0,0,0,0,0,0,0,9,0,1,466,0,0,20,0,1,874
ELP3,2,2,616,0,225,1,0,1,1,2,12,0,0,0,0,0,0,0,7,0,0,0,0,1,1,0,0,0,0,871
FBRSL1,0,0,164,0,76,0,0,5,0,84,0,57,2,0,6,0,1,0,0,0,0,0,97,173,1,2,11,2,187,868
GSTP1,0,0,0,343,193,0,4,0,0,0,0,0,0,0,1,0,0,0,0,0,0,0,1,320,1,0,0,0,0,863
WDR82,86,0,10,23,91,0,1,91,0,0,21,7,1,24,1,11,0,0,0,1,2,0,3,465,2,1,1,0,4,846
CTBP1,0,0,71,81,34,1,0,128,0,77,88,1,0,27,0,0,1,0,1,0,0,0,0,57,0,2,264,0,0,833
KDM6A,0,0,0,0,85,0,0,0,0,0,0,0,5,0,0,0,0,3,0,0,183,0,539,0,0,0,0,0,0,815
ATAD2B,0,1,0,0,0,1,0,304,1,0,139,0,0,0,0,0,4,0,3,0,151,0,0,90,107,0,0,1,0,802
NOC2L,0,0,43,73,48,0,0,1,0,148,0,0,0,21,1,1,3,0,0,0,8,13,3,220,1,176,9,0,0,769
TRRAP,0,0,44,0,16,0,0,389,1,83,0,93,0,127,0,1,0,0,0,0,0,1,0,2,0,0,1,0,0,758
MASTL,0,0,0,0,3,0,0,1,3,0,0,3,0,71,2,0,0,0,0,0,378,0,0,240,24,0,0,0,19,744
INO80E,3,0,0,0,0,0,0,1,0,87,10,15,2,10,0,0,0,0,0,5,1,283,255,57,0,2,0,0,0,731
TLE2,8,0,66,0,4,0,0,0,0,246,0,0,2,210,1,0,0,0,0,0,0,0,1,173,0,1,0,0,0,712
SMARCD1,0,0,0,4,241,0,0,0,0,1,447,0,0,0,4,0,0,0,0,0,0,0,1,12,0,0,1,0,0,711
HAT1,0,1,1,0,307,3,5,0,0,141,4,1,0,94,2,1,4,0,0,3,0,0,0,139,1,0,0,1,0,708
SMEK1,0,0,0,0,123,0,0,0,0,0,0,0,26,151,0,312,0,0,1,0,0,0,1,15,2,0,0,0,73,704
ERBB4,0,2,0,26,0,0,0,396,0,0,142,0,0,111,1,0,0,4,0,0,0,1,10,2,0,0,0,0,0,695
TAF8,0,0,0,0,0,0,0,0,0,0,0,0,7,0,1,142,1,0,0,11,3,0,0,0,2,0,19,0,494,680
RAD54L,1,0,0,7,152,0,0,40,0,0,24,1,0,87,0,0,0,0,0,0,0,0,171,191,0,0,0,0,0,674
ANP32E,0,0,1,452,106,0,0,70,19,4,0,0,0,0,2,0,0,0,0,0,0,0,0,15,2,0,0,0,0,671
EXOSC5,0,0,3,0,118,0,0,0,0,83,155,0,0,302,0,0,0,0,0,0,0,0,0,7,0,0,0,0,0,668
PHF8,0,0,0,0,41,0,0,0,0,0,0,0,1,0,0,0,0,0,0,0,0,0,1,210,0,21,0,1,390,665
CBX4,0,0,0,28,0,0,0,28,33,25,37,0,1,28,1,0,0,0,0,0,0,0,101,112,0,179,4,0,53,630
YEATS2,0,3,0,33,0,0,0,0,160,0,0,0,0,0,0,0,2,0,2,1,0,0,1,143,0,1,0,274,2,622
PPP4C,0,1,0,0,127,0,0,17,0,0,0,0,0,0,0,0,0,0,0,0,0,0,0,0,0,0,0,0,471,616
APBB1,337,2,0,0,13,0,0,2,12,174,0,30,2,0,0,0,1,1,1,0,0,3,0,26,0,0,0,0,0,604
MST1,0,0,0,0,1,0,0,2,191,42,0,0,0,0,0,0,0,0,0,0,0,0,360,0,0,0,0,0,0,596
WDR5,0,0,0,11,204,0,0,19,0,50,0,0,1,5,1,0,0,0,0,0,0,0,2,303,0,0,0,0,0,596
KDM2A,0,1,0,40,94,1,0,27,5,31,0,33,0,0,1,0,0,0,2,1,0,1,1,236,0,0,1,0,118,593
CDK7,0,0,68,13,78,0,0,2,0,62,271,1,0,0,0,90,2,0,0,0,0,0,3,2,0,0,0,0,0,592
SETD8,0,0,1,0,36,1,0,0,0,34,31,207,2,2,0,0,0,0,0,0,0,0,25,253,0,0,0,0,0,592
RNF2,0,2,0,0,2,0,0,0,0,0,0,0,0,580,0,0,0,0,0,0,0,0,0,0,0,0,0,3,0,587
ZGPAT,0,0,63,150,3,0,64,10,0,0,0,120,0,1,0,0,0,0,0,0,0,0,1,167,0,1,0,0,0,580
RPS6KA4,0,0,46,334,0,0,0,0,0,0,15,0,0,0,0,0,0,0,0,0,0,0,1,174,0,7,1,0,0,578
BUB1,0,1,0,0,202,0,1,1,1,0,0,0,0,0,0,0,4,0,1,0,249,3,0,112,0,0,0,0,0,575
KDM4B,0,0,144,0,0,0,1,0,6,73,0,14,0,135,0,0,0,0,0,0,59,0,0,47,0,0,93,2,1,575
RAD51,2,0,0,0,273,0,0,0,0,0,0,0,0,0,0,0,0,0,0,0,0,0,0,76,0,0,217,0,0,568
ATXN7,51,2,2,1,398,0,3,2,0,0,0,0,1,12,1,20,0,2,5,45,1,7,1,0,0,0,1,0,0,555
PPP4R2,0,0,1,0,1,1,0,0,1,0,362,69,0,74,4,0,1,0,0,0,40,0,0,0,0,0,0,0,0,554
TAF4,0,8,4,0,11,0,1,223,23,16,0,0,0,0,0,0,0,8,0,1,0,1,0,18,0,0,240,0,0,554
CIT,0,0,5,0,166,1,0,0,0,0,0,1,1,227,0,1,0,0,0,0,0,0,2,142,0,0,0,0,0,546
TAF5L,0,0,35,0,9,3,458,0,32,0,0,0,0,1,0,0,2,0,0,0,0,0,0,6,0,0,0,0,0,546
TYW5,0,0,0,0,0,0,1,25,1,338,0,0,1,0,2,13,6,0,0,3,4,3,6,9,0,38,0,95,0,545
UHRF2,0,0,0,0,363,0,0,0,88,0,0,0,2,0,0,0,0,0,0,0,29,1,0,59,0,0,0,0,2,544
EXOSC3,0,0,0,0,263,3,0,1,0,1,0,0,2,0,0,0,0,0,0,0,0,0,0,264,0,0,0,0,0,534
SS18L2,0,0,0,5,4,0,0,2,0,296,198,0,5,1,2,0,0,0,0,0,0,0,0,12,0,0,0,0,0,525
CHUK,0,0,2,0,1,0,0,7,1,3,131,1,0,2,0,4,4,0,0,0,0,0,2,354,0,0,1,0,0,513
ZBTB33,0,0,0,0,64,1,0,14,0,411,0,0,1,1,0,0,0,0,0,0,0,0,1,9,0,0,0,0,0,502
HR,0,0,93,0,0,0,0,0,0,0,0,0,0,0,0,0,0,0,0,0,0,0,0,404,0,0,0,0,0,497
AEBP2,0,0,0,0,64,0,1,196,0,0,0,0,0,0,0,0,0,0,0,0,91,0,0,122,0,0,0,0,0,474
PHF21A,0,0,0,103,6,0,0,8,0,0,0,0,0,118,1,0,0,0,0,1,222,0,0,6,0,0,0,0,0,465
HMGN5,10,0,0,0,26,0,0,12,190,4,221,0,0,0,0,0,0,0,0,0,0,0,0,1,0,0,0,0,0,464
GLYR1,1,0,15,0,1,0,1,68,5,1,0,0,0,0,1,0,1,3,2,1,0,0,0,60,0,0,300,1,0,461
PRMT7,0,0,0,0,0,0,0,0,0,229,0,73,0,0,0,0,0,0,0,0,0,0,0,159,0,0,0,0,0,461
PRKCD,0,0,1,64,25,1,0,1,0,0,0,0,0,0,0,0,3,0,0,4,331,0,0,0,8,0,0,0,19,457
TAF5,0,0,227,1,0,0,0,7,2,2,10,9,0,0,0,0,0,0,0,0,0,0,0,189,0,0,0,0,2,449
SUPT3H,0,0,0,0,0,0,0,0,0,0,0,446,0,0,0,0,2,0,0,0,0,0,0,0,0,0,0,0,0,448
EYA2,0,0,61,23,0,0,0,0,0,0,0,347,0,0,0,0,1,0,0,0,0,0,0,0,0,0,0,0,0,432
TONSL,1,0,0,0,56,0,0,0,1,0,0,0,0,0,0,0,0,5,0,0,0,1,4,361,0,0,0,0,0,429
USP21,0,0,3,215,194,0,0,0,0,0,1,0,0,0,0,0,0,2,0,0,0,14,0,0,0,0,0,0,0,429
ASF1A,0,0,220,18,33,0,0,0,96,55,1,0,0,0,0,0,0,0,0,0,3,0,0,0,0,0,1,0,0,427
APOBEC2,0,0,0,0,0,0,0,0,0,0,0,0,0,0,0,26,0,0,0,0,0,0,0,5,0,0,393,0,0,424
NAT10,0,0,0,19,262,0,0,0,0,24,0,0,0,8,4,0,0,0,0,0,0,1,0,103,0,0,0,0,0,421
ZNF687,0,0,0,69,77,0,0,0,3,34,66,0,0,4,0,0,0,0,0,0,0,1,0,162,1,0,0,0,1,418
DNMT3A,0,0,1,81,0,0,0,0,0,9,1,131,0,0,2,0,0,0,0,0,0,0,1,176,0,0,0,0,0,402
SCML2,58,2,0,0,3,0,0,329,0,0,0,0,0,0,0,0,0,0,5,0,0,0,0,1,0,0,1,0,0,399
UCHL5,1,4,0,0,53,0,0,4,1,7,0,0,0,0,1,0,0,3,2,0,1,1,22,178,0,0,120,0,0,398
DND1,0,1,0,0,0,0,0,1,14,11,0,0,0,97,0,0,0,0,0,0,0,0,0,265,0,1,1,0,0,391
E2F6,0,0,0,0,0,1,0,0,0,0,0,0,0,41,0,0,0,0,0,0,0,0,1,335,0,0,0,0,0,378
PAXIP1,0,0,0,0,193,2,0,59,2,49,0,15,1,0,0,0,0,0,0,0,0,0,0,47,0,0,0,0,1,369
ZBTB7C,0,0,0,0,184,0,0,0,0,0,0,0,0,0,0,0,0,0,0,0,0,0,0,174,0,0,0,0,0,358
PRKAA1,0,0,0,0,187,0,0,2,0,0,0,0,0,0,0,7,0,0,0,1,1,1,9,6,133,0,0,0,0,347
KANSL2,0,0,91,107,3,0,0,59,14,0,0,0,0,11,0,20,0,0,0,0,0,0,0,40,0,0,0,0,0,345
KANSL1,0,0,0,0,0,0,0,94,0,0,0,240,0,0,1,0,0,0,0,1,0,0,0,8,0,0,0,0,0,344
SMARCAD1,0,0,0,0,143,0,0,0,0,145,0,0,1,0,1,0,0,0,0,0,53,0,0,0,0,0,0,0,0,343
SETD3,41,1,152,13,77,0,0,2,0,4,1,20,0,1,0,0,0,0,0,0,1,0,0,29,0,0,0,0,0,342
HYAL2,0,0,48,8,47,0,0,2,0,209,0,0,1,2,0,0,0,0,0,0,0,0,0,21,0,0,0,0,0,338
ZZZ3,0,0,0,0,0,0,0,12,49,237,0,0,3,14,0,0,0,1,0,0,0,0,0,11,1,0,2,0,0,330
TAF3,0,0,3,0,6,1,0,0,0,84,187,9,2,0,12,0,0,0,0,0,0,0,0,18,0,0,0,0,0,322
SP140,0,0,4,0,0,0,0,0,0,0,0,0,0,0,0,0,2,0,0,0,0,0,0,315,0,0,0,0,0,321
SENP1,0,0,0,0,0,3,0,0,0,0,0,0,1,0,0,0,0,0,0,0,0,0,0,9,297,0,0,1,0,311
BRCC3,0,0,0,0,112,0,0,48,0,0,0,0,0,15,0,0,0,0,0,0,0,0,0,0,116,0,1,0,7,299
APOBEC3F,0,0,205,0,0,0,0,0,0,0,0,0,0,0,0,1,0,0,0,4,1,0,2,0,0,1,0,0,82,296
SCMH1,0,0,0,0,0,0,0,0,0,69,0,17,0,165,0,0,0,0,0,0,0,0,0,41,0,0,0,0,0,292
FOXP3,0,0,1,0,2,0,0,2,22,9,0,0,0,0,0,0,0,0,0,0,0,0,0,11,0,238,0,0,0,285
NSL1,0,0,0,1,18,0,0,0,0,0,0,170,0,0,1,4,0,0,0,0,1,2,4,72,2,4,2,0,0,281
HSPA1B,0,0,2,0,5,0,0,1,0,5,161,0,28,64,0,0,1,0,0,0,8,0,1,0,0,1,0,0,0,277
CDC6,240,0,0,0,0,0,0,0,0,0,0,0,0,0,0,0,0,0,0,0,0,0,10,24,0,0,0,0,0,274
PSIP1,5,2,0,0,240,2,3,1,0,0,0,0,0,14,1,1,0,0,1,0,1,1,1,0,0,0,0,0,0,273
BRPF1,0,2,0,25,132,0,0,0,0,2,0,54,0,0,0,0,0,0,0,0,0,0,1,2,0,0,13,0,39,270
APC,0,0,0,0,7,0,1,0,0,235,0,0,0,0,0,0,0,1,0,0,0,0,1,16,1,1,0,0,0,263
PRKAA2,211,0,0,0,0,0,0,0,0,44,0,0,0,0,0,0,3,0,0,0,0,0,0,1,1,0,0,0,0,260
MLLT10,1,2,0,0,5,0,1,2,1,48,0,0,0,108,1,0,6,1,0,1,0,0,53,22,2,1,1,1,2,259
RAD54B,0,0,0,0,0,0,0,197,1,0,0,0,0,6,0,0,0,0,0,0,1,0,0,7,0,0,46,0,0,258
MGA,0,0,0,0,8,0,0,0,0,236,2,1,0,0,5,1,0,0,0,0,0,0,1,3,0,0,0,0,0,257
SMYD4,24,0,0,0,0,0,0,2,0,0,0,1,0,0,0,2,0,0,0,0,67,0,0,103,43,0,3,0,0,245
APOBEC3C,0,0,0,0,0,0,0,0,0,0,0,0,0,235,0,0,0,0,0,3,0,0,0,0,0,0,0,1,0,239
KDM4C,0,0,0,0,215,0,0,0,0,0,0,0,0,0,0,0,0,0,0,0,0,0,0,17,3,2,0,0,0,237
MBD3,0,0,0,19,4,0,0,0,0,0,0,0,0,38,0,0,0,5,0,0,0,0,1,166,0,0,2,0,0,235
TDRD7,0,0,52,0,17,0,0,13,0,0,76,0,0,0,0,28,0,0,0,0,0,0,0,37,0,0,0,0,0,223
ELP4,0,0,0,0,92,0,0,0,0,0,0,0,0,0,1,1,0,0,0,0,0,3,0,121,0,0,0,0,0,218
NPAS2,0,1,78,0,16,0,0,0,0,0,1,0,0,0,0,0,0,0,0,0,0,0,0,121,0,0,0,0,0,217
ATAD2,0,0,60,0,37,0,0,0,2,0,0,0,0,0,0,1,0,0,0,0,1,3,16,83,1,0,11,0,0,215
HIRA,0,0,0,2,10,0,0,0,0,0,0,1,0,2,0,0,0,0,0,0,0,0,0,199,0,0,0,0,0,214
MUM1,0,0,0,0,51,0,0,31,0,74,9,0,0,0,0,0,0,0,0,0,0,0,2,43,0,0,2,0,0,212
USP49,0,0,0,0,0,0,0,0,1,0,0,0,0,196,0,11,0,0,0,0,0,0,0,0,0,0,0,0,0,208
HELLS,166,2,0,0,0,0,0,0,11,0,0,0,0,0,0,0,0,0,0,0,0,0,0,24,0,0,0,0,0,203
PCGF2,5,0,1,0,102,0,0,13,0,41,0,0,0,1,0,0,0,0,0,0,0,0,0,39,0,0,0,0,0,202
SFMBT2,0,0,0,0,0,0,0,123,0,0,0,0,2,0,0,1,0,0,0,0,0,48,25,2,0,0,0,0,1,202
KDM8,0,0,0,198,0,0,0,0,0,0,0,0,0,0,2,0,0,0,0,0,0,0,0,0,0,0,0,0,0,200
RPS6KA5,0,0,0,17,142,0,0,0,0,0,39,0,0,0,0,0,1,0,0,0,0,0,0,1,0,0,0,0,0,200
KDM3B,0,0,0,0,27,0,0,1,0,0,112,0,0,0,0,0,0,0,0,0,55,0,0,0,0,0,0,0,3,198
MYBBP1A,0,0,35,0,31,0,0,1,0,0,82,0,0,0,0,0,0,0,0,0,0,0,3,45,0,0,0,0,0,197
BARD1,0,0,0,0,0,0,0,0,0,0,0,0,1,0,0,0,0,0,0,0,0,0,0,0,0,0,195,0,0,196
SENP3,0,0,0,0,172,0,1,6,0,0,0,0,0,0,0,0,2,2,0,2,0,2,1,0,0,1,0,0,0,189
CDK3,0,0,0,0,59,0,0,0,0,0,106,0,0,0,0,0,0,10,4,0,0,0,0,2,0,0,0,0,0,181
CLOCK,0,0,0,0,2,0,0,1,1,176,0,0,1,0,0,0,0,0,0,0,0,0,0,0,0,0,0,0,0,181
ANKRD32,0,0,1,32,94,0,0,0,0,30,2,0,0,0,0,0,4,0,0,0,0,0,0,8,0,0,0,0,0,171
SMARCD3,0,0,0,0,2,0,0,24,7,113,0,20,0,0,0,0,0,0,0,0,0,0,0,3,0,0,0,0,0,169
PRKAB2,0,0,134,0,0,3,0,0,1,0,0,0,0,0,0,0,0,0,0,0,29,0,0,0,0,0,0,0,0,167
PRKAG2,0,0,0,0,1,0,0,0,0,0,0,0,0,0,1,0,0,0,0,0,25,128,0,0,7,0,0,0,4,166
UBE2D1,0,0,0,0,96,0,0,0,0,0,0,9,0,54,0,0,0,0,0,0,0,0,0,1,0,0,0,1,0,161
SIRT6,0,0,40,96,1,0,0,0,0,0,0,0,0,0,0,0,0,0,0,0,0,0,1,20,0,0,0,0,0,158
RBBP5,0,0,0,0,44,0,0,78,22,1,0,0,0,0,0,1,0,0,0,0,3,3,2,1,0,0,0,0,0,155
MTA2,0,0,2,0,1,0,0,6,0,2,0,0,0,0,0,0,0,0,0,0,61,0,45,37,0,0,0,0,0,154
C14orf169,0,0,0,0,0,0,0,141,0,0,0,7,0,0,0,0,0,0,0,0,0,0,0,0,0,0,0,0,0,148
EXOSC6,0,0,0,0,0,0,9,0,0,1,0,9,0,0,1,1,0,1,0,0,0,0,1,121,0,0,0,0,0,144
IKZF1,1,4,0,0,60,0,2,4,2,0,0,0,0,1,0,1,0,2,7,4,2,2,0,1,0,0,1,0,49,143
ZNF516,0,0,1,0,48,0,0,79,0,8,4,0,0,0,0,0,0,0,0,0,0,0,0,0,0,0,0,0,0,140
PCGF6,0,0,0,0,0,0,6,0,1,1,0,88,0,1,0,9,0,0,0,0,0,14,0,1,0,0,8,1,0,130
RARA,0,0,1,18,10,0,0,0,0,5,6,71,0,5,0,0,0,0,0,0,0,0,0,0,0,0,0,0,10,126
RAD54L2,0,0,11,0,28,2,0,8,0,0,49,0,0,0,0,0,0,1,0,0,0,0,0,25,0,0,0,0,0,124
DAPK3,0,0,0,0,0,0,0,3,1,0,5,0,0,0,0,0,0,0,0,0,1,0,110,2,0,0,0,0,0,122
MSL3,3,1,0,26,14,0,1,5,10,38,0,0,0,0,1,0,0,5,5,3,0,1,1,5,0,0,3,0,0,122
PITX2,0,0,114,0,1,0,0,0,0,0,0,0,0,0,0,0,0,0,0,0,0,0,0,0,0,0,0,0,0,115
SMARCAL1,0,3,0,0,46,0,0,0,0,40,0,0,0,0,0,2,0,3,1,1,0,0,0,1,0,17,0,0,0,114
KDM6B,0,0,0,0,0,0,0,10,0,0,0,2,0,0,0,0,0,0,0,0,47,0,0,1,0,0,0,0,52,112
SOX2,0,0,0,0,0,0,0,0,0,0,0,0,0,0,0,0,0,0,0,0,0,0,1,111,0,0,0,0,0,112
SATB1,0,0,0,0,106,0,0,0,0,0,0,0,0,0,4,0,0,0,0,0,0,0,0,0,1,0,0,0,0,111
HDAC10,0,0,0,0,4,0,0,2,0,0,0,77,0,0,4,0,0,0,0,0,0,0,0,20,0,0,0,0,0,107
PCDHGB7,0,0,0,0,2,0,0,0,0,0,0,0,0,0,0,0,0,0,2,0,0,0,2,94,0,0,0,0,0,100
BANP,0,0,0,0,0,1,0,0,1,0,47,0,0,0,0,0,0,0,0,0,0,0,0,48,0,1,1,0,0,99
TAF2,0,0,17,0,51,0,0,0,0,6,0,0,0,0,0,0,0,2,0,0,0,0,0,20,0,0,0,0,0,96
DOT1L,0,0,1,0,2,0,0,16,0,2,0,0,0,0,0,1,0,0,0,0,0,0,17,55,0,0,0,0,1,95
NCOA2,0,0,0,0,0,0,0,33,0,0,0,0,1,0,2,0,0,2,0,0,0,0,0,54,0,0,0,0,0,92
MSL2,0,0,89,0,1,0,0,0,0,0,0,0,1,0,0,0,0,0,0,0,0,0,0,0,0,0,0,0,0,91
ZNF541,87,0,0,0,0,0,0,0,0,0,0,0,0,0,0,0,0,0,0,0,0,0,0,0,0,0,0,0,0,87
ZNF217,0,0,0,0,71,0,0,2,0,4,0,1,0,0,0,0,0,1,1,2,1,3,0,0,0,0,0,0,0,86
SUV39H2,0,0,0,0,29,0,0,0,0,0,1,0,0,0,0,0,0,0,0,0,0,0,0,0,0,0,0,0,52,82
EED,0,0,0,6,53,0,0,2,0,0,0,0,0,0,0,0,5,0,0,0,0,0,0,14,0,0,0,0,0,80
KDM4A,30,0,0,7,0,0,0,8,0,0,3,2,0,0,0,0,0,0,0,0,23,0,0,0,0,0,0,1,0,74
ATM,0,0,3,0,18,0,0,0,0,0,0,1,2,0,3,2,1,7,0,2,22,1,3,2,0,1,1,2,0,71
NANOG,0,0,0,0,0,0,2,0,0,5,0,0,0,1,0,15,0,0,0,3,2,0,20,8,0,0,0,0,6,62
TAF1,0,4,0,0,8,2,0,12,5,0,0,0,0,14,0,0,0,0,0,0,0,0,0,17,0,0,0,0,0,62
ATR,0,0,0,1,47,1,0,1,2,0,0,0,0,1,2,0,0,0,0,0,0,0,1,2,0,0,0,0,0,58
RMI1,0,0,0,0,36,0,0,0,0,0,0,0,0,17,0,0,4,0,0,0,0,0,0,0,0,1,0,0,0,58
ACTR5,1,0,0,0,0,0,0,0,3,4,0,0,0,0,2,0,0,0,0,0,0,0,0,8,39,0,0,0,0,57
SAP30,0,0,0,53,0,0,0,0,0,0,0,0,0,0,0,0,0,0,0,0,0,0,0,0,0,0,0,0,0,53
TAF6L,0,1,16,0,2,0,0,0,0,0,0,0,0,1,0,0,0,0,0,0,0,0,0,12,0,0,19,0,0,51
BCORL1,0,0,35,0,0,0,0,0,2,0,0,0,0,0,0,0,0,0,0,0,6,0,0,4,0,0,3,0,0,50
BRMS1L,0,0,0,0,1,0,0,0,0,0,0,0,0,0,0,0,0,0,0,0,0,0,3,46,0,0,0,0,0,50
MBD5,0,0,0,0,11,0,0,0,0,0,0,0,0,0,0,0,4,0,0,0,0,0,32,0,0,0,0,0,0,47
CHRAC1,0,0,0,0,11,0,0,25,0,1,2,0,0,0,0,0,0,0,0,1,0,0,0,3,0,0,1,0,0,44
MYSM1,0,3,0,0,0,3,2,8,0,14,0,11,0,0,0,0,0,1,1,0,0,0,0,1,0,0,0,0,0,44
TAF1L,0,0,0,0,0,0,0,0,0,0,0,0,0,0,0,0,1,3,0,0,5,0,0,0,0,0,0,35,0,44
HCFC2,0,0,0,0,23,0,0,1,0,10,0,0,0,0,0,0,1,0,0,0,1,0,1,0,0,0,1,0,0,38
CHD8,0,0,0,0,9,0,0,0,0,0,0,0,0,0,0,0,1,0,0,0,0,0,0,25,0,0,1,0,0,36
PRDM11,0,0,0,0,0,0,0,0,0,0,0,0,0,0,0,0,0,0,0,0,0,0,0,31,0,0,0,0,0,31
RCC1,0,0,0,0,0,0,0,0,0,0,0,0,0,0,0,0,0,0,0,0,0,0,0,31,0,0,0,0,0,31
ACTL6B,0,0,0,0,0,0,0,0,0,0,0,0,0,0,0,0,0,0,0,30,0,0,0,0,0,0,0,0,0,30
ERCC6,0,0,0,0,0,2,0,0,0,0,0,0,0,0,6,0,0,0,0,0,0,0,0,20,0,0,0,0,0,28
BRCA2,0,0,0,0,24,0,0,0,0,0,0,0,0,0,0,1,2,0,0,0,0,0,0,0,0,0,0,0,0,27
CTCFL,0,0,0,1,6,0,0,0,0,1,0,0,0,3,0,0,4,0,0,0,6,0,0,1,0,3,0,0,1,26
CUL5,0,0,0,0,0,1,0,1,0,1,6,2,0,0,0,0,0,0,0,0,0,0,0,0,0,0,12,0,0,23
PARG,0,0,0,0,0,0,0,0,0,21,0,0,0,0,0,0,0,1,0,0,0,0,0,0,0,0,0,0,0,22
GTF2I,2,0,0,0,2,0,0,0,0,0,0,0,0,0,0,0,0,0,0,0,0,0,0,0,1,0,0,0,16,21
L3MBTL3,0,0,0,0,0,0,0,0,0,0,0,0,0,0,0,0,0,0,0,0,21,0,0,0,0,0,0,0,0,21
SETDB2,3,3,0,0,0,1,1,3,1,0,6,0,0,0,0,0,0,1,1,0,0,1,0,0,0,0,0,0,0,21
TET1,0,0,0,0,0,0,0,0,0,0,0,0,0,0,0,0,0,0,0,0,0,0,0,20,0,0,1,0,0,21
JDP2,0,0,4,8,0,0,0,4,0,0,0,0,0,0,0,0,4,0,0,0,0,0,0,0,0,0,0,0,0,20
PIWIL4,0,0,0,2,17,0,0,0,0,0,0,0,0,0,0,0,0,1,0,0,0,0,0,0,0,0,0,0,0,20
APOBEC3D,0,0,0,0,0,0,0,0,0,0,5,0,0,2,0,0,0,0,0,1,0,0,3,8,0,0,0,0,0,19
BRCA1,0,0,1,1,10,0,0,0,1,1,1,0,0,0,0,0,0,0,0,0,0,0,0,0,0,1,1,0,0,17
CBX8,0,0,0,0,0,0,0,6,0,0,0,0,0,0,0,0,0,0,0,0,0,0,0,11,0,0,0,0,0,17
RAI1,0,0,0,2,0,0,0,2,0,3,1,8,0,0,0,0,0,0,0,0,0,0,0,0,0,0,0,0,0,16
ITIH5,0,0,0,0,0,0,0,0,0,0,0,0,0,1,1,0,2,0,0,1,4,0,0,2,0,0,0,0,1,12
SCML4,1,1,0,0,0,0,0,1,2,0,0,0,0,0,0,0,0,4,0,0,0,3,0,0,0,0,0,0,0,12
