,Br11.10,Br11.18,Br11.1,Br11.2,Br11.3,Br11.4,Br11.6,Br11.8,Br11.9
MXRA8,0,0,1.74134691342348,0,0,0,0,0,2.780912255517
TMEM52,3.50132002521678,0,5.35187631308918,3.39966198476817,0,0,0,0,0
ERRFI1,2.52730886067184,0,9.23105015860842,4.66759304973827,0,7.85367440480062,9.32749398119472,4.41665960727428,7.7241347966841
ENO1,11.2951515656659,8.52245138027804,10.9925680031802,10.7778109904845,11.1326716951465,11.0639533377171,10.943600851273,11.4504727581687,10.9606399012058
SPSB1,5.82250375999043,7.13991008439525,0,4.7833388332932,0.967774308989832,0,0,4.46860335515537,0
PLOD1,7.16142853519577,5.27181496920106,0,7.14077175654066,8.43882173530504,7.30766582095272,2.62845336166009,8.42602470351105,7.80212969965393
CDA,0,0,4.53996409494537,1.64294184445923,0,0,0,0,0
PINK1,6.35762593193181,5.45568028073696,0,6.06207037401061,0,4.84274379167813,0,0,6.32703553032119
DDOST,9.04527223421009,5.876872091683,9.113896649176,8.96552376321267,7.41092031482943,7.48247027808003,5.8903447089995,7.95663690986112,7.46912113709304
FUCA1,7.26933857105977,0,6.00615743648722,5.47644363256108,3.11212755778684,7.50579912779256,5.45170319342108,6.98043547260513,1.56443800849731
TMEM50A,7.68017540010284,8.6692453907238,8.67512461099835,7.76519026141272,7.84198072378167,7.19736283871049,7.93446037013401,7.10053133221583,6.30933822931327
SH3BGRL3,7.23171907660364,11.4169607934728,7.57607772037016,7.93124455031569,7.89508201953957,9.03022080380615,7.58118779219389,7.64859817181399,7.46912113709304
SDC3,4.32623619681367,0,4.46540285174021,6.59299370227766,5.52116336832044,0,0,5.8618841137083,5.36216353090455
MRPS15,7.18524126945209,0.90705921075679,7.23823456671994,7.15158320425942,6.18361696253436,6.39379326525253,5.408338851485,7.68747562969703,7.48497320278845
DNALI1,0,0,0,0,0,0,0,0.834285950287708,0
YBX1,4.67913798597168,2.17020601574214,6.89899820428392,5.12797663188687,3.93897398056954,5.10960792425769,5.06167557102188,4.97892776454238,5.36216353090455
SLC2A1,5.62771449427975,0,1.11884864333125,6.56091183568748,6.6903171136774,6.51371523782092,7.37138605953744,3.91585914794893,6.15935502675774
RPS8,8.32306311652956,3.00031613723891,10.4680710061371,8.60552646229393,7.80546197060512,8.86866075735204,8.42800545191803,8.46810035406173,9.23359609671392
PRDX1,11.0246441472238,0,8.22782117382961,10.447998263129,10.3881305055448,10.0248088224475,10.5348061331989,10.420404651356,9.81932338918386
TSPAN1,10.2555199712896,0,10.09105760263,8.17327347772057,9.63706504425126,11.3491338348466,7.8066847685014,9.13744098079373,10.1163351808739
UQCRH,7.5456067952841,7.9733396423064,7.81250816620125,8.73696173589218,7.52761481263058,8.55870140226313,8.48651440370876,8.6279681727324,8.88803047774371
ATPAF1,2.7135004883149,5.56640770689325,7.61970563129079,6.21420627890992,4.10843716652605,0,0,5.04884423429105,0
PDZK1IP1,0,5.23875646383544,0,4.40386013788609,7.06457155417393,0,4.75050662589372,0,0
CMPK1,6.71472370476492,7.89593505937155,7.49406022425349,8.18910179845797,6.20246460178158,8.61878004603807,8.42256688849555,7.76222203766915,6.83973433840871
TMEM59,8.89934274015972,6.89669066543492,9.09856021788227,8.35263310792794,8.87158632971368,8.49017527585609,8.10032771434069,8.50898357883492,8.73072590641588
TACSTD2,8.81790481143666,0,6.03222147911248,8.17327347772057,8.97111293159288,8.6080411053637,10.1099776703544,7.16492031930386,8.75707593098909
PGM1,5.82250375999043,5.23875646383544,6.54792994056188,6.63981725109164,6.27548532300598,3.66234102537749,0,5.40931084478543,6.05702475646257
WLS,0.843307622681109,0,6.87038753122428,6.60877100990403,8.22504418515286,5.10960792425769,6.14931969745784,6.99821632501596,4.72514644042358
PIGK,5.31881512905322,0,6.35490653233578,4.40386013788609,6.10566316486921,3.81954945185343,5.65089260138538,0,0
CLCA2,10.5858105884888,0.90705921075679,6.56588453911187,9.37369663156842,10.3400029480995,10.5558290200999,10.0424422150265,8.51517173176818,7.83960089319839
F3,1.75807992347051,0,9.50210134423531,0,0,5.16926634021923,1.1990640901276,0,4.72514644042358
SLC44A3,6.71472370476492,0,0,6.79956714065158,0,3.48588283494556,0,7.24156446339196,0
TMEM56,1.37201470237603,4.20979513258106,6.31299732333055,6.90555698161194,6.8778688502775,3.48588283494556,0,3.98882215151491,3.29415048675952
CSDE1,9.0278181084918,7.17528447655378,9.50210134423531,8.6404845143455,7.32752659965975,8.51338085935792,7.84784352993213,8.96054852804784,8.10876481070607
ATP1A1,9.17778736028382,7.92220074143494,9.19111958077847,9.18662807274105,9.66960019402433,9.24645997593988,9.3158067739585,8.88848910769228,8.84568610899353
TXNIP,11.5707258082871,9.85367045891141,10.9027102398782,7.06273430905227,6.42740613652778,8.7119944190858,0,2.86072345122316,7.9915906414435
ECM1,0,4.51604533994688,0,0,0,0,0,0,0
MCL1,8.06948483806783,7.17528447655378,8.15258946359025,7.67814183661435,8.06433346003237,6.96463124455961,8.14063439760832,7.46259433158976,8.33114141224195
TUFT1,5.760450973727,0,9.86681796668163,7.75104206025988,7.31891584547676,9.15719691850858,9.29214443357636,7.79310753755905,9.88650709146543
S100A10,8.85301720559021,0,3.20197113167941,6.10719912990423,10.7850352697357,5.22655541074288,9.81019808973861,9.06336409212239,6.68364563652076
S100A6,8.80515464805834,2.17020601574214,8.52718397858576,8.35731047369215,7.31025338909534,4.51505197721073,10.5348061331989,8.77445661365029,10.0066793847614
S100A4,3.8580506738477,4.27646705410085,0,3.78011273527587,0,0,0,0,5.29181136256313
S100A2,0,0,0,0,0,0,0,0.834285950287708,3.67194278334819
S100A16,6.84998517014023,0,7.02115704424388,9.09157991298556,8.69318951815555,7.60634800393872,6.99998724357567,7.76741575658297,8.10364017261355
ADAM15,9.31182303721545,0,9.11084237778967,9.55156617172148,10.1564552781268,8.66613993914107,7.94208273892236,9.15933729665208,9.1440824295773
EFNA4,6.79945103270481,0,6.78098502119,1.04370148673221,5.29398980957923,7.12387953165286,0,6.26582152675827,0
KRTCAP2,6.67041793615409,5.53951233634251,9.45951669238827,7.41651555694916,7.71647509527493,6.49051507560831,7.2415083613192,7.96117687156229,6.73757353085111
YY1AP1,5.60435397950546,5.876872091683,6.51133616640643,6.59299370227766,7.25715711226461,5.89010486662563,5.45170319342108,6.39223637793123,6.72427936065717
MEX3A,0,0,2.50765345445563,0,0,0,0,0,0
LMNA,9.30640452029161,10.0640930767071,6.96813685541799,8.89328632226332,10.9369565981272,7.60634800393872,10.376455889268,8.6921882391972,8.89694480507933
TMEM79,6.43911037531888,0,5.50861761753484,5.03761508897867,0,0,4.04883618003845,0,0
TAGLN2,9.95088793329941,11.5356973080833,9.77332872398896,10.0489302524572,10.404501152118,9.41303957654125,10.4951997597296,9.51628713425503,9.02444385433757
NCSTN,7.73498330738213,6.53757580495658,6.15591417147655,5.12797663188687,7.35305473012459,7.320879095961,6.47770425905735,7.59117610551161,6.32703553032119
TSTD1,7.56388757653163,3.40971822989597,8.0478904268345,8.71890262238953,7.97945899351243,8.73685313994805,8.07974406301515,6.83959787463572,7.29122598844636
C1orf226,0,0,5.64998631793611,0,0,0,0,0,0
MPZL1,7.16142853519577,0,6.10770209110576,7.38936956438604,7.73601120488984,7.21162080191455,5.22053856246496,6.9714621862063,6.17897805392198
MPC2,6.87947726346346,6.70426140227113,6.89899820428392,8.21510243657319,7.31025338909534,7.73036182690599,8.19905853398203,6.63886693331614,8.07250408550192
ATP1B1,4.26795921041992,6.49621231817175,6.24775846046066,7.22507635136047,6.57933517402951,8.08811324322942,7.34862505821448,5.08257157937645,7.33561419372309
MRPS14,5.42929521117582,3.72825448429138,6.66915838042982,6.74350155640003,5.22192333320927,5.85420260742349,2.90294840608274,3.2649443926497,4.82816022366801
QSOX1,9.51025712646447,5.51210603001052,8.12862919574125,7.55325118226327,4.10843716652605,5.52941832979741,0,7.70922981708392,7.89404373456851
GLUL,9.59861992058324,10.4908359077654,4.86402071962576,10.9656568914515,8.47026741325683,9.58717902889923,7.02890814852868,7.61441990491605,8.24066681004356
LAMC2,0,1.45966154349926,0,0,0,0,0,0,0
ARPC5,6.82998342036757,8.89024470282385,7.4560557241492,8.59368297198014,5.52116336832044,7.48247027808003,7.1654070082045,7.95208261641669,7.6274687970249
CD55,6.21067355591978,8.20920406383036,9.58147085596446,7.14077175654066,7.52012207516773,7.22573923341335,9.57552640681596,7.96570259143742,6.37886102321156
CAPN2,9.74999346208161,8.60583988464035,8.4028412225257,8.43015667523097,9.27476521451923,8.54750403741176,8.91223497559495,7.03313380017101,8.63095792414747
CNIH4,5.97600589099516,1.45966154349926,7.19273908285515,5.63892708641068,5.89008374943914,3.48588283494556,0,5.65327170953921,6.52402376898035
NTPCR,1.37201470237603,0,7.05968138764098,3.24672430706797,7.15442829672709,4.51505197721073,0,5.2988688128942,7.05679517515652
CHRM3,0,3.62968872200817,0,0,0,0,0,0,0
NET1,7.76162572754165,6.45362780538346,6.05782298696737,6.42493557335843,6.6769023658458,5.61772181193057,7.72066771466064,4.787700331834,7.27308111216812
RSU1,6.19512028348853,8.05156887304293,0,5.1711199910248,3.52532104143033,5.28165616703326,0,5.99181541597399,5.46164965689992
VIM,3.59910634993852,4.27646705410085,1.11884864333125,0,0,0,0,0,0
MSRB2,3.69068333213451,1.85824263088808,3.66872714671387,0,2.27001571216642,0,0,3.98882215151491,5.39609357899015
KIF5B,7.75633645887927,6.61690645630478,8.09192573565759,6.77180668189052,6.76828714269082,5.57424556775266,6.55926680951409,6.30920229959073,6.13946140942462
ITGB1,5.86243742308423,8.57967628718541,6.37541326861985,7.29500641814799,7.36982593589832,3.81954945185343,6.7623523498231,7.38362276231432,4.21867300501996
JMJD1C,0,9.1163796363266,7.31455461354784,7.00429019354587,7.08502895039423,4.31827581299783,5.31749237339421,4.746213517374,5.36216353090455
DDX21,4.53831762090615,0,6.91309354482348,5.99161463580692,0,3.66234102537749,3.33218485004581,5.9002165776632,2.97300125790583
PSAP,10.1495604038261,10.1059421474381,8.67098313889545,9.03723383520827,9.48179591499686,7.83537583613817,9.03492646064761,8.40284982680053,7.95221972623392
CHST3,4.32623619681367,0,0,0,6.14516651379141,0,0,3.48267620502123,5.13989497101275
P4HA1,0.843307622681109,2.42655883810241,2.50765345445563,4.329638905314,5.60854456667591,3.28479423456461,0,0,0
FUT11,0,0,0,0,0,0,3.93120791089612,5.56057699896791,0
PLAU,0,0,0,5.40595464217754,0,0,0,0,0
KCNMA1,0,0,6.17942918719837,0,0,0,0,0,0.984634069889191
RPS24,6.25635193816673,0,8.19358562364814,7.11890272206934,6.57933517402951,7.23972083773978,7.97217576406044,6.9714621862063,7.16898749771974
ADIRF,5.28982061595719,0,2.77793079780948,3.07563022327984,4.26007070111535,0,0,5.74036854546079,5.21785185108739
SFXN3,0,6.11409824349746,0,3.98742461116933,0,3.28479423456461,0,5.48692554094126,0
GRK5,0,6.33351216374529,0,0,0,0,0,0,0
BNIP3,5.23002261836925,2.64415968285407,5.30987769084172,5.47644363256108,6.10566316486921,5.48315343552474,5.61319428587694,6.0441071091294,3.14249360790892
PAOX,0,4.40122362969243,0,0,0,3.81954945185343,0,3.83900862573554,0
CHID1,4.53831762090615,5.39695749956397,4.74298648385483,6.37044806516492,5.98021642185542,0,6.17542230385324,5.56057699896791,3.14249360790892
CTSD,9.65086253203172,7.02826452242414,8.38777919815743,8.7898210996301,8.36127089686942,9.04223712233828,6.82964528044503,9.7689293937877,8.30011658008341
PGAP2,5.40245818969413,0,0,5.0835032062234,4.58133335141104,0,0,4.12453173578938,7.05679517515652
HBG1,0,9.4427859681564,0,0,0,0,0,0,0
HBG2,0,9.00282402857906,0,0,0,0,0,0,0
RPL27A,6.22606093988449,5.17027626076525,8.23905483579782,7.03963998973351,6.85422653976325,7.63836508848844,7.01452016500047,6.95334642112475,7.89404373456851
ADM,0,0,0,0,0,0,3.80313073493845,0,0
LDHA,7.5332896368419,0,5.9250150315881,8.38506061835202,7.60047667646911,7.92463247334076,9.12808672991622,8.59912929830441,7.57659317739414
PRMT3,3.02634497884694,4.45977649219037,0,4.40386013788609,0,4.76753170768432,0,0,0
EIF3M,6.24128593674496,0,7.54019985687455,6.99231179166451,6.52046925640017,6.80453503033835,5.45170319342108,7.29289119958301,7.01373341081071
CD59,7.64626254197544,3.90722780620045,7.04695390036204,7.97450848633649,8.18295915795145,7.60634800393872,8.6583079707261,8.04482785935672,8.23599065095917
MTCH2,6.69274089486376,0,2.50765345445563,6.8535351809361,5.58000154070818,5.61772181193057,0,7.4170544623899,7.0461496316936
SLC15A3,2.06234119915064,0,2.50765345445563,1.04370148673221,0,0,0,0,0
TMEM258,5.80211462080868,3.90722780620045,7.59368751849445,6.77180668189052,5.79394255151046,6.55902544105975,5.98193317010962,6.23615895125491,7.00276409875954
FTH1,8.69058624592122,10.8322620820545,10.4632893273676,8.9746848859946,8.71632356718106,9.14981145776913,9.61897188091326,8.77445661365029,8.77330360246971
AHNAK,6.60129865112,0,2.50765345445563,3.88748925225091,6.02325544816525,3.96129795912948,5.8903447089995,6.20587367194359,3.67194278334819
BSCL2,4.38225022710986,6.53757580495658,2.17479231363065,5.86595696191009,4.93689464572783,7.26728399657621,5.45170319342108,6.12725652465806,5.99195091851952
CFL1,8.40308664246067,9.74603519725842,8.12257643145408,9.00182430267758,8.36545813203709,9.11230616371925,8.98783121673593,9.31818378093981,8.42862305501576
FIBP,5.5806089704772,0,6.61844535650377,5.25371897613993,5.86664239501414,5.89010486662563,0,5.08257157937645,7.58397189072534
MRPL11,0,0,7.85693568331347,6.89272633243738,2.94312368104972,6.39379326525253,5.36363056944324,6.22109577930349,5.96959061030686
PC,4.32623619681367,0,0,1.04370148673221,0,6.78559828256756,5.68763087489826,0,0
RHOD,3.93497491848683,0,2.50765345445563,4.94121343318483,2.27001571216642,2.42571333789311,6.17542230385324,0,0
PDE2A,0,7.65410027884157,0,0,0,0,0,0,0
PRSS23,0,0,6.17942918719837,5.12797663188687,0,0,0,4.61407554130658,0
SMCO4,0,0,0,6.21420627890992,5.25840651377509,0,0,4.70349827627479,5.90035193841243
DCUN1D5,5.28982061595719,0,6.03222147911248,5.03761508897867,4.69216743607206,6.36856452240993,1.84471249713376,4.787700331834,0
NNMT,0,0,0,0,7.3360862651574,0,0,8.22551223037498,0
SC5D,7.36973587774811,5.02271799168463,0,6.57704194452976,6.45909889746037,3.81954945185343,7.97217576406044,5.01430949800056,4.77757258261982
TBRG1,4.32623619681367,5.39695749956397,7.00808355072043,3.39966198476817,6.16451983117734,5.16926634021923,4.04883618003845,1.74369722987071,0
ESAM,0,11.183376139554,0,0,0.967774308989832,6.26299177480354,5.53470716641754,5.76134527692405,7.25470511662531
APLP2,5.82250375999043,0,0,7.94994532506889,5.45982316543531,5.89010486662563,6.87813202848773,7.93372029673408,6.82735291462413
TEAD4,0,0,0,3.98742461116933,6.16451983117734,0,0,4.05827207503453,0
GAPDH,10.068655491878,10.0558128696624,9.27809691708395,10.3864042789059,10.8492319920956,10.3391730412232,9.89511415944268,10.4481609902806,9.54845947726171
SLC2A3,0,10.8232306304975,0,0,0,0,0,0,0
GPRC5A,3.59910634993852,0,0,0,5.52116336832044,0,0,0,0
EMP1,5.48151647811306,0,0,4.25139118580583,6.14516651379141,5.74080216804716,8.35565289990336,7.10053133221583,0.984634069889191
ARHGDIB,3.28329171821906,9.90725151335467,0,4.40386013788609,5.84281385851269,3.0510663588384,0,0,5.32741623947319
CPNE8,0,6.1677744137996,0,0,0,1.2972786894223,0,0,0
TUBA1A,2.7135004883149,0.90705921075679,1.11884864333125,3.39966198476817,2.7516620427869,0,0,0,3.77868666613505
TUBA1C,8.41991090432138,9.96271474057345,5.9796138381538,7.48650270330197,7.88927747750705,7.16841709084902,8.24907644500306,6.69445735095687,4.14076170350031
KRT80,0,0,6.49268521522185,6.01548424067287,5.58000154070818,6.60295582849278,5.16950351668004,0,8.09849726623772
KRT7,11.1095406124695,0,12.0070750528473,10.5495831817878,10.4554763828622,10.9579963950632,9.62371937552918,10.6330760622859,11.0399090444768
KRT8,10.5287874347068,2.64415968285407,10.6797074522067,9.37600331264066,11.0537833653611,10.220809510188,9.4367411891339,10.160051100532,10.2487384220044
ITGA5,0,6.53757580495658,0,0,0,0,0,0,0
ORMDL2,6.71472370476492,0,6.35490653233578,5.36937509888177,8.20649112356984,5.22655541074288,3.80313073493845,2.04680443405476,5.01444290431185
MYL6,9.97613340452212,10.7326345216105,9.11084237778967,9.42583900288271,8.72286572736417,9.5171568358225,9.16763571448812,9.46286400956737,9.69535774683658
PTGES3,7.81856270233742,5.23875646383544,7.15765048978403,7.91229818187513,7.45087648917103,8.18523267310633,8.24291822155912,7.65421664950903,6.77673645503361
OS9,6.38530194264734,6.13221310314843,5.54527954273669,5.83945657307712,6.12555004339148,6.99791824446704,6.95548889509227,5.76134527692405,5.80254052993488
TSFM,4.00800436978356,0,5.68326531930499,6.67020943939343,4.10843716652605,5.89010486662563,5.45170319342108,0,7.27308111216812
AVPR1A,0,5.5928108442737,0,0,0,0,0,0,0
LYZ,5.62771449427975,0,0,0,0,0,0,0,0
PHLDA1,0,3.52389183682194,0,0,0,0,0,0,0
HSP90B1,8.85301720559021,3.28572646127337,9.42304335801892,8.19955835145217,8.06433346003237,7.6901968043361,6.59838165134284,8.85228571634479,7.35299400547046
VPS29,7.08753713094353,5.69384127087612,6.61844535650377,7.5368513444556,6.49011037917301,2.42571333789311,0,6.81973628568316,6.27327873302504
DYNLL1,5.26023141449349,7.157705698768,8.57672677490632,7.32396901842238,6.3618522382298,7.77904495430815,6.87813202848773,6.56920127036416,5.94687827682976
ACADS,0,0,0,0,3.93897398056954,2.77201118331505,0,6.06112479892699,0
ORAI1,0,7.5568654297333,5.64998631793611,5.0835032062234,4.74454679916748,0,0,5.40931084478543,0
TMED2,6.84998517014023,6.33351216374529,6.95457165487208,7.4431601851867,6.96874425092168,7.34694804454112,7.58118779219389,8.18727033326597,7.82098694816483
DNAH10,0,4.13989214991377,4.74298648385483,0,0,2.42571333789311,0,0,0
RAN,7.16940986488095,5.02271799168463,7.51269352223619,8.26075440188496,8.31439091167037,7.96727192779043,8.59202463157492,8.47128667989204,7.59131305732643
CRYL1,0,6.05834759467503,0,4.72662639942142,0,5.38591976725673,0,0,0
DNAJC15,2.06234119915064,7.12189221713834,0,0,1.54183294072644,0,0,0,0
LRCH1,0,4.90121600996669,5.22202442078976,0,0,1.96912187144367,0,2.04680443405476,0
ITM2B,2.31347637875414,11.7135328707673,6.31299732333055,0,3.26339332779042,0,0,0,0
LMO7,3.28329171821906,0,0,1.64294184445923,6.53541244033371,0,0,0,6.62762337867293
RNASE4,6.50366594796398,0,4.61086050056151,5.63892708641068,5.66399038320728,0,0,2.29715377441278,5.75103014536539
EGLN3,5.40245818969413,8.5993433334289,1.11884864333125,6.49452510881543,7.10520031224976,7.85367440480062,0,7.84806882182817,7.4122256864478
SPTSSA,6.0119586493746,3.90722780620045,7.38703929692554,8.11922190469792,8.25694877344404,6.26299177480354,6.20106101789824,7.4170544623899,6.15935502675774
PPP2R3C,5.45564211355251,4.27646705410085,6.29157716041467,6.19343039620331,5.0242350797843,1.96912187144367,6.81311401680989,5.11552842457896,0.984634069889191
PSMA6,8.34084106609278,6.7401385237105,8.98971132363186,7.2753698706481,7.99575796828366,7.81684219091762,7.97960195387762,7.99256276272819,6.85201040650675
ARF6,6.79945103270481,5.06104640175957,7.43667133105794,6.81324959273714,7.72952851800525,7.6901968043361,6.69176638811301,6.37872501181642,6.25490527055571
BMP4,0,0,0,4.329638905314,0,5.81738404967788,0,0,0
LGALS3,9.82391026809588,0,9.85955776990751,9.64442785137778,10.3088152149824,11.5919160306359,10.3249139104764,10.3232383978466,9.89543080761922
PSMA3,8.78970420463575,6.66746928139384,9.1470736761843,8.48247470944631,8.85082974164188,7.29433040945855,6.87813202848773,8.42602470351105,8.31792666622823
EIF2S1,6.09810583040704,3.40971822989597,6.58361843335365,6.27479693979256,6.75558126527149,6.49051507560831,5.53470716641754,7.22655791876828,5.87651372633266
ZFP36L1,8.48531201637098,5.56640770689325,8.7318904993493,8.32424591303491,7.85395106964609,8.9727820761098,7.07123067943468,6.1433264206017,9.616600082778
PNMA1,6.08128301151423,6.0771715392537,7.26045536612228,0,6.47468796270751,6.51371523782092,0,7.06722610174622,4.92430611074429
NPC2,6.91788503633892,4.81412964080472,8.21080494873411,6.46014988869596,4.18624518566689,7.320879095961,7.04315405658924,6.23615895125491,6.83973433840871
TMED10,8.6988814462682,4.57020169182154,9.08305900081847,8.73336795250108,8.59675504707712,8.26942532820373,8.01617011269063,8.32749206132315,7.57659317739414
NDUFB1,4.43617049758378,4.06642891725039,6.84119796870364,6.35181845748375,6.00189642363128,5.95933533333399,6.22625204056702,5.26988477774144,6.53928702917681
SERPINA3,0,0,0,0,5.0659992944453,0,0,0,0
CKB,6.79945103270481,3.15006770888608,9.25891016257745,8.82738966569018,7.7230165699181,6.02539521063773,8.22428424234612,8.98972765173271,7.55422786653064
ZFYVE21,6.3006283346297,4.34019345737389,3.79588063492644,4.94121343318483,7.49740751013347,7.67997836411844,0,8.07864813658703,6.80226665608026
SIVA1,6.32940859564325,0,8.07321779740337,9.37830631151751,7.99034541083887,5.95933533333399,8.77813136817409,9.19060471867445,6.92355086343558
AKT1,1.75807992347051,5.02271799168463,7.09720371289533,6.2346872158513,6.22106918385847,7.29433040945855,5.06167557102188,6.53306490977494,5.80254052993488
AHNAK2,4.67913798597168,0,7.93499444241565,0,0,0,0,0,0
CRIP2,7.89756411259122,0,3.00547457322004,7.36170297700713,8.6457778822214,0,5.61319428587694,7.71461749318066,8.77974390483136
SNRPN,0,7.2012574436964,0,0,0,0,0,0,0
SPINT1,6.35762593193181,0,7.03411313079118,7.19403656137522,7.73601120488984,8.1111127009477,8.03054173235317,4.41665960727428,5.01444290431185
SERF2,5.31881512905322,8.76813111403358,8.46635179018674,7.77920106056969,6.60789125713579,8.55311358324424,7.50089005046762,8.21794451627783,7.87010018972311
B2M,10.9553614478051,12.5728246238221,13.1330662684655,11.0315194583952,12.1729322501305,12.4458998148411,11.0689915757964,10.9028192492922,11.630890452847
C15orf48,0,0,4.92093143555958,0,6.8778688502775,6.68699637345157,4.67932411407081,0,0
DTWD1,2.06234119915064,4.57020169182154,4.97568210488614,2.88148064607876,2.53084603244413,0,0,4.30680063087715,3.14249360790892
ANXA2,9.98407428738014,0,9.29971666431744,8.67086279608275,9.98608409826494,8.05686558707083,8.99150901446582,9.32524477789039,9.37216086963964
RPL4,7.37664670055968,6.91773038490601,9.00295160168996,8.0857914231257,7.68331527877073,8.32294239391319,7.36005044516462,7.72533285842255,7.23609203803763
UACA,0,0,5.26661968333222,4.16865492083614,4.93689464572783,0,1.1990640901276,3.00840964825682,0
PKM,7.51461445298009,9.04407147288657,7.23823456671994,8.03414675319858,8.99563311021183,7.23972083773978,8.6812614478481,7.13308501442111,8.14413645857025
TMED3,7.01851993004929,5.02271799168463,5.54527954273669,6.54459934244938,7.92375950350614,8.16339375928221,6.59838165134284,6.36508590958399,6.7507463154004
TM6SF1,0,4.45977649219037,0,0,0,0,0,0,0
MRPL46,0,0,0,4.72662639942142,1.54183294072644,0,0,5.35514639873725,5.92380265647105
MFGE8,2.06234119915064,0,0,6.99231179166451,5.45982316543531,5.10960792425769,0,4.61407554130658,0
ZNF710,4.48814791069996,0,0,0,0,0,0,3.83900862573554,0
IDH2,7.36279179118873,5.48416899868957,7.53108922508804,9.01668403498691,9.15892548934545,7.10872280945509,7.34862505821448,8.59036401185034,7.89404373456851
ARRDC4,4.96245814770599,5.39695749956397,4.53996409494537,3.53792971830122,0,0,0,0,0
MPG,5.86243742308423,4.98334344580881,7.33563878614608,5.0835032062234,6.32792335775193,5.89010486662563,6.95548889509227,5.80240533087562,5.36216353090455
GNPTG,5.37511246799267,0,4.53996409494537,3.53792971830122,4.26007070111535,4.20881251001496,0,5.3824828001258,6.13946140942462
C16orf91,3.02634497884694,0,0,2.88148064607876,3.52532104143033,4.76753170768432,0,4.56719593980585,6.19833775330424
FAHD1,2.87838610537646,0,0,5.2130105354435,0,0,0,0,0
SLC9A3R2,0,0,3.20197113167941,0,0,3.0510663588384,5.06167557102188,2.29715377441278,0
RNPS1,5.03414323195572,0,6.58361843335365,7.00429019354587,6.12555004339148,6.70726325218247,6.0956534582206,7.27111723510745,5.58444977682396
ATP6V0C,4.14382894566204,6.7401385237105,5.22202442078976,5.33184389944241,6.18361696253436,5.85420260742349,4.88312957164409,5.14774918913529,6.23629479082177
TNFRSF12A,7.34175670782446,0,5.74760528159266,2.88148064607876,7.79308070229581,4.91422836497748,6.36880552575296,6.37872501181642,6.44518700899104
HCFC1R1,0,3.62968872200817,2.50765345445563,3.53792971830122,0,4.0903568110676,4.88312957164409,4.05827207503453,2.780912255517
RSL1D1,5.93913422144651,0,8.02211046179576,6.75772353500039,5.22192333320927,6.78559828256756,6.89393879113824,6.66136079006011,0
TMC5,5.73915908486025,0,9.36012738011927,7.76519026141272,9.67635719448917,8.1779897051884,8.36702298359142,2.29715377441278,3.67194278334819
MT1X,0,0,5.22202442078976,0,2.94312368104972,6.53654821228317,5.26982976624249,0,0
GABARAPL2,0,6.87533956396538,7.71932528402991,7.34295936154136,5.60854456667591,6.53654821228317,5.85847590428641,6.22109577930349,4.82816022366801
HSBP1,7.24688479129286,5.45568028073696,7.64526282365824,7.92495669986207,5.91315030326242,6.80453503033835,6.9704746967964,6.96243273819076,6.95803329142256
COX4I1,8.32663627548181,5.30413289665563,8.50873809262601,9.08877006232158,8.15420458076575,8.36819474673027,8.36702298359142,8.53052697589743,8.50834547771569
MAP1LC3B,7.12084581934185,6.79801957271682,1.11884864333125,3.88748925225091,3.40029330649624,3.28479423456461,7.82328944343289,4.24856596241825,6.77673645503361
TUBB3,0,0,0,0,5.0659992944453,1.2972786894223,0,0,0
PFN1,7.31322416921212,8.6999328784253,7.70319240878125,8.46090562303642,7.85989920224672,8.34251031757433,8.25520849342015,8.06605825910788,6.88822403365713
PMP22,0,0,0,0,0,0,0,0,3.14249360790892
ADORA2B,0.843307622681109,0,0,0,0,1.96912187144367,0,5.35514639873725,4.36290654011224
KCNJ12,0,0,1.11884864333125,0,0,0,0,0,0
RPL23,6.3006283346297,2.64415968285407,9.14109796181652,7.98058448318611,6.74276249162383,7.3339724514435,7.94208273892236,8.14798708204667,8.3615130837982
RPL19,7.16142853519577,4.85832983226527,9.50443070138997,8.83411643747879,7.36146470335232,8.79482260491196,8.17338388951578,8.45528420801414,8.64865898553606
NEUROD2,0,0.90705921075679,1.11884864333125,0,0,0,0,0,0
IGFBP4,0,0,4.8047724936185,4.08088364944794,0,0,0,0,0
TNS4,0,0,0,1.64294184445923,0,3.0510663588384,0,3.37791392241941,0.984634069889191
KRT19,11.5831022597172,0,12.8943948706614,10.019723188973,11.0414054914366,12.1157207835225,10.5310204296291,12.2320645406089,11.494634118913
EIF1,9.08378865844651,9.31579336495398,10.4182908956871,8.70429078393806,8.40260621711279,8.60264150909518,9.43943644757401,8.35879745958315,8.73072590641588
JUP,9.27345896196627,0,7.87864670530596,7.82043510265034,6.8422584888202,7.19736283871049,8.50206800710716,7.79819144363111,7.59131305732643
VAT1,8.12799305191205,4.76853236192594,8.06692751738855,6.8535351809361,7.18317845947294,6.68699637345157,7.74701556679921,7.51910958557237,7.32684513806442
ITGA3,0,0,4.74298648385483,3.24672430706797,1.95138744474997,0,0,0,4.42995320548937
TOB1,6.41245700718223,0,6.96813685541799,6.86671754569456,8.38621393137581,7.25356824154821,9.01699437945972,6.39223637793123,6.37886102321156
NME1,6.1147347425471,0,6.95457165487208,7.70040127529663,6.39500148920146,4.76753170768432,7.1654070082045,6.26582152675827,7.18848082205167
PTRH2,4.43617049758378,0,5.43237456005296,1.04370148673221,0,0,0,5.46151511529678,5.0574838095014
SOX9,5.13540477230622,0,4.61086050056151,3.98742461116933,5.32871654674683,4.0903568110676,4.15759259333674,2.04680443405476,4.67074310798588
RECQL5,0,5.53951233634251,3.52927408359663,5.36937509888177,4.58133335141104,5.70093079746821,0,4.746213517374,6.17897805392198
ITGB4,6.71472370476492,0,0,7.38936956438604,8.22964540872684,4.68818188746277,0,5.76134527692405,0
H3F3B,9.27160640568141,9.9677673375159,9.43774352724344,8.38047250350695,6.47468796270751,7.01427809643458,8.67212383327,7.25641651935166,7.63459246993133
SYNGR2,8.06521346331138,0,0,7.36170297700713,6.00189642363128,9.0181035592187,6.29928879080895,7.68747562969703,8.19320883635136
LGALS3BP,7.20866733083727,6.36449156363038,6.35490653233578,0,0,8.88209435131833,0,7.04173270082557,0
ACTG1,10.5708234322693,10.8071120815224,9.66088324681028,10.1814386208701,10.2121534419478,10.7780845185822,9.29512353739648,8.97408918622555,10.7072132604081
FSCN2,1.37201470237603,0,0,1.04370148673221,0,0,0,0,0
MYL12A,9.65938862614733,10.3643588422908,7.7744106561194,9.01963770274009,8.37379631907169,9.19715466740425,5.45170319342108,9.22875948958654,9.49466589971926
TUBB6,0,6.0771715392537,5.30987769084172,0,0,0,0,0,1.56443800849731
AFG3L2,0,0,5.39268681017765,7.01616995959725,3.26339332779042,0,5.36363056944324,5.40931084478543,3.29415048675952
DSC3,0,0,6.03222147911248,0,0,0,0,0,0
DSC2,5.65070276859227,0,6.65245133027749,5.2130105354435,6.23943689791442,0,4.67932411407081,5.8618841137083,8.23599065095917
DSG2,4.0775144924767,0,8.73982060821135,5.03761508897867,7.22985772766519,0,0,6.33741467308529,0
PMAIP1,0.843307622681109,0,0,3.53792971830122,5.52116336832044,0,6.0956534582206,0,0
BSG,8.48211142578515,7.32453958638127,8.17030208340639,8.30984006996504,8.50104228132887,7.75003264803006,6.12273610209032,7.64295772776542,8.1737797225687
NDUFS7,7.45055793123711,0,6.31299732333055,8.84747661241012,7.92942722424656,8.39967031760334,6.89393879113824,8.17168515389169,7.09860879084841
TRAPPC5,3.69068333213451,7.23517632683001,7.92111248588711,5.96734345125375,6.3618522382298,6.53654821228317,4.75050662589372,6.62748710526465,7.3002135594725
ANGPTL4,6.31509023096936,0,0,1.04370148673221,2.7516620427869,0,0,7.73066084313327,5.32741623947319
PIN1,6.08128301151423,4.90121600996669,6.89899820428392,6.17235094843194,4.74454679916748,6.20715947668661,0,6.22109577930349,5.49334343659868
AP1M2,7.26189273990235,2.64415968285407,6.49268521522185,8.42124952900009,7.85395106964609,8.51338085935792,7.2415083613192,5.53644189151931,6.55439049794481
TMED1,6.17939750674948,2.42655883810241,5.22202442078976,6.29444123415115,6.85422653976325,6.36856452240993,5.16950351668004,4.12453173578938,0
PRKCSH,6.51623752606939,2.17020601574214,5.30987769084172,6.63981725109164,7.09514988483308,5.52941832979741,6.14931969745784,6.62748710526465,6.65590642024267
PRDX2,5.45564211355251,0,6.37541326861985,7.98058448318611,7.32752659965975,7.18296255828034,7.65725096293959,7.85296301485685,7.02461994833584
GIPC1,6.61305095229225,4.20979513258106,5.89692069590663,5.75690324670582,6.31065492540988,7.077923132346,5.06167557102188,5.40931084478543,6.11928963489296
DNAJB1,7.76689567528052,0,5.47099968859473,8.01651269687627,7.94069630191829,8.31636032524107,6.92504205939724,7.81333654672964,8.18837603309293
TPM4,7.70234904044877,11.0257602616936,4.86402071962576,7.5118966525044,6.66336171074374,8.72696099213639,3.13347161369605,8.42930521856436,8.95500625039213
DDA1,4.38225022710986,4.34019345737389,5.74760528159266,5.5436484247112,5.36262699582715,4.42001620453904,3.66256571443887,6.06112479892699,5.61358338090832
CCDC124,4.67913798597168,0,6.24775846046066,6.54459934244938,4.63781447643797,4.0903568110676,0,4.61407554130658,6.15935502675774
DDX49,6.28601999985068,0,7.72732457020758,6.03896533855019,4.3303016176561,6.14907917921512,4.75050662589372,0,2.55926093499899
POP4,6.78912826856055,1.45966154349926,5.80919795563234,4.25139118580583,6.06504762460837,3.66234102537749,0,6.23615895125491,6.29142113954378
GPI,9.05392074366143,7.03790549825351,8.850162430155,9.69518970953177,9.48564800277856,9.42532611392066,8.15382353815833,9.05701584195135,8.9464446035316
ARHGAP33,4.14382894566204,0,1.11884864333125,4.89048419696863,3.64037238185392,0,0,4.12453173578938,0
SPINT2,10.7141182408063,9.3664096972672,9.939201469097,10.5688675513715,11.3399783606503,11.4344286798592,9.94717679303606,10.5390311105514,10.2876699817125
MRPS12,6.69274089486376,0,6.87038753122428,6.8535351809361,6.90112995863859,6.85989806504348,5.95204510272603,7.05877825669841,8.36580016640909
PLD3,5.67333047962086,1.85824263088808,6.84119796870364,6.15095893285967,0.967774308989832,6.34288673448666,6.70973927782194,7.11689999103753,5.94687827682976
CEACAM5,10.5835724163295,0,6.58361843335365,3.88748925225091,0,0,0,8.21033689601467,0
CEACAM6,4.53831762090615,0,0,0,0,0,0,0.834285950287708,0
PLAUR,0.843307622681109,0,0,0,0,0,6.79639113020575,0.834285950287708,0
KCNN4,0,0,0,0,0,4.20881251001496,0,0,0
ZNF296,2.52730886067184,0,0,0,6.41129479181945,4.60421242172402,0,5.9002165776632,0.984634069889191
FTL,7.98608385751422,10.0770095683129,11.5504928785646,8.94080582968609,9.41670500104801,10.3791977285578,11.2208404801966,9.1672179116187,10.9471135682353
FCGRT,1.75807992347051,0,0,0,0,0,0,0,0
NOSIP,5.19916772310487,4.57020169182154,0,3.07563022327984,3.64037238185392,5.38591976725673,6.03991352294982,5.69747729229411,5.82762206783712
JOSD2,5.16763848630326,0,6.94087769342409,4.66759304973827,0,4.91422836497748,0,3.98882215151491,0
MYADM,7.32041038069034,6.15010332553132,6.00615743648722,8.29040574819392,9.46042359469188,7.52875673750216,7.30199659346528,8.83011941964043,7.43688469892673
YWHAQ,8.91841180755213,8.39696500327357,7.1094973775405,8.58174144978903,6.56484233684997,7.01427809643458,6.55926680951409,7.46259433158976,7.55422786653064
LAPTM4A,8.72619262498676,2.83320060573328,5.35187631308918,8.1626239563973,6.37852207169761,5.57424556775266,8.57251340418858,7.63161024882345,8.05668037080176
SDC1,7.45709309510546,0,6.41557246777729,6.21420627890992,7.84198072378167,6.36856452240993,7.21658462925979,6.84942706341844,8.57651310582415
NRBP1,5.23002261836925,6.15010332553132,1.74134691342348,6.27479693979256,5.42814648695817,4.84274379167813,7.56152844704211,6.19048923944057,5.61358338090832
LBH,0,0,4.46540285174021,0,0,0,0,0,0
LTBP1,0.843307622681109,11.3842679111775,1.11884864333125,5.81246028412237,0,4.20881251001496,5.65089260138538,4.51874170059269,3.14249360790892
CDC42EP3,2.31347637875414,4.51604533994688,3.66872714671387,0,4.26007070111535,0,5.36363056944324,5.48692554094126,6.41240513866239
CALM2,9.23594816388115,9.23637488686108,8.23344893876362,8.87709218235905,9.62663645880912,9.60619122189183,7.91134861006149,8.13599045285464,9.11890481781347
SPTBN1,7.85365928150095,0,5.54527954273669,7.79307710087492,5.95820564835564,6.58115783958488,4.04883618003845,4.82802740442056,6.95803329142256
RTN4,5.92033887756361,7.94287433089443,5.9250150315881,5.83945657307712,7.37813898946987,5.43535560654455,4.44191560566814,4.6594796353863,6.99171074379914
MCEE,3.16053114209887,0,0,4.60604068470593,4.58133335141104,0,0,4.61407554130658,0
TGOLN2,3.39642066844677,8.94763221467877,4.46540285174021,6.56091183568748,5.52116336832044,7.38518896778219,7.92679751514335,7.12501519927994,6.47724050788837
COX5B,7.34880253507491,3.9890232248091,7.38703929692554,7.2454046313543,7.14471616484499,7.38518896778219,6.43512599704869,7.32846640918973,7.26392237169988
MALL,4.84777444925032,0,0,3.98742461116933,2.94312368104972,0,0,1.35949233011302,3.14249360790892
INSIG2,4.80742708924121,3.62968872200817,6.45464399438441,0,0,5.16926634021923,1.84471249713376,5.43564909518598,0
STEAP3,5.67333047962086,0,0,7.46065375557373,4.58133335141104,7.93326177859537,5.7925452952153,7.51910958557237,1.97688929324989
RALB,0,6.25302198880018,0,5.57611217872611,3.52532104143033,0,0,0,2.55926093499899
TFCP2L1,5.55646659818827,0,6.43524049547988,5.63892708641068,0,0,0,3.37791392241941,7.10887554445314
CXCR4,0,6.77514505456854,2.17479231363065,0,0,0,0,0,0
RND3,5.71754824847471,0,7.58490948781544,6.17235094843194,6.85422653976325,4.84274379167813,0,0,6.88822403365713
PSMD14,7.64626254197544,0,0,7.46932163333782,6.8778688502775,6.46693572251838,7.17837261638963,5.99181541597399,6.85201040650675
ITGA6,5.28982061595719,2.42655883810241,0,5.1711199910248,6.16451983117734,0,0,4.82802740442056,6.09883181420956
UBE2E3,2.52730886067184,6.0957530334835,4.61086050056151,5.86595696191009,4.26007070111535,3.66234102537749,0,0,5.94687827682976
FASTKD2,6.425845242021,3.15006770888608,5.30987769084172,5.44162959941066,6.18361696253436,5.48315343552474,0,0,2.55926093499899
FN1,0,0,3.37488463660939,0,0,0,0,0,0
RPL37A,7.75633645887927,4.20979513258106,10.4244544066081,9.63290070857396,8.05399322885874,8.93461174754263,8.87289757364684,8.82763534236534,9.48681470999368
TUBA4A,6.3006283346297,11.046206088032,4.12137205243805,5.66933783661714,5.18449356901434,0,0,4.24856596241825,0
PTPRN,0,1.45966154349926,0,0,0,0,0,0,0
CHPF,0,0,1.11884864333125,0,5.71738392977127,0,0,0,4.61420758579265
FARSB,5.760450973727,0,7.7744106561194,4.40386013788609,5.84281385851269,5.95933533333399,0,6.12725652465806,6.98057204816726
CRLS1,4.0775144924767,6.82053705956655,1.11884864333125,5.75690324670582,5.79394255151046,3.66234102537749,5.68763087489826,1.35949233011302,3.14249360790892
DSTN,8.52628617145281,6.66746928139384,8.34162599327936,8.62116804238991,8.35707147341146,8.65052541746862,10.1744925285885,9.15339845643172,9.11126504754689
CST3,4.00800436978356,7.45260047167089,5.77873028902746,4.66759304973827,5.71738392977127,4.84274379167813,0,0.834285950287708,3.5566654148697
HM13,6.45225465024319,2.83320060573328,7.00808355072043,7.73675373543277,6.44333954256696,6.93055804517267,8.56759408659529,7.32142120082927,5.67014289600023
BCL2L1,5.90129543328306,9.16997254934691,6.37541326861985,4.25139118580583,5.18449356901434,6.23534569763452,5.8903447089995,6.69445735095687,6.44518700899104
PLAGL2,6.54105673516623,0,0,4.99021931261378,2.53084603244413,5.92513532960147,2.62845336166009,4.36277556523011,0
PIGU,0,0,0,6.03896533855019,5.39575865253258,6.46693572251838,4.04883618003845,6.07794409006704,0
ERGIC3,7.20866733083727,2.17020601574214,7.67864970844389,8.07447353801343,7.30153860588429,8.1111127009477,7.29010013545746,7.54957596432312,6.3957305705575
CPNE1,6.13117416714366,6.67983786916953,3.91272940279308,6.65509337497891,1.95138744474997,5.61772181193057,7.43759068838885,4.41665960727428,6.95803329142256
RPN2,7.85365928150095,6.25302198880018,9.2753715253599,8.45218687959827,7.09514988483308,8.9894278119549,7.69382970775077,9.3788263659362,7.93501191736333
SERINC3,5.10243437909662,9.27561225450525,9.27809691708395,8.24064276773156,7.89508201953957,7.88958964872671,8.11388878408707,7.72533285842255,3.77868666613505
PIGT,8.99451132810606,4.06642891725039,9.0799386701469,9.10276490754384,7.79308070229581,8.93890310990914,9.48450182888024,9.08432542078422,7.99712836480342
WFDC2,0,0,0,1.04370148673221,0,0,0,2.29715377441278,0
CTSA,8.72889552074813,12.0446699385702,8.35717502727554,6.89272633243738,9.25684459275038,9.68750078080021,9.58772641346941,8.52746897385957,8.59123379859879
STAU1,8.28316295274641,6.76357033520687,8.29394736886356,8.8541105884491,8.69651718106781,8.52484516348378,8.31513674575435,9.04850782037897,8.83025678288437
UBE2V1,5.37511246799267,2.42655883810241,7.20424816272889,7.00429019354587,6.6769023658458,7.39771395907295,7.11234694995822,6.26582152675827,7.14922717284269
BCAS1,8.53557874182531,0,7.04695390036204,7.22507635136047,8.02252028766749,9.40375551455475,8.85281919722444,7.77259084509794,7.85187809203246
GNAS,9.03657156679819,9.50319260018288,9.66713452206616,9.80711815060745,9.80370618123218,9.25336802491325,9.81019808973861,9.44676731495345,9.32008972301959
PPP1R3D,5.40245818969413,0,0,1.64294184445923,3.64037238185392,5.28165616703326,5.53470716641754,4.97892776454238,6.91187110566299
SLCO4A1,0,0,0,4.7833388332932,0,0,0,0,5.46164965689992
RTEL1,6.0119586493746,0,4.38677712657543,5.36937509888177,6.80574685571457,6.31674362630418,4.81834151982626,7.14909047700656,0
RCAN1,0,0,1.11884864333125,3.24672430706797,5.22192333320927,0,0,8.02761568704074,7.93501191736333
PSMG1,6.0119586493746,0,5.89692069590663,5.78494918105097,3.93897398056954,4.0903568110676,4.15759259333674,7.46898424837726,7.42871176987838
CSTB,5.88199725099046,1.45966154349926,7.71932528402991,7.48650270330197,7.43502656332633,5.10960792425769,6.89393879113824,7.08397482302862,7.40391145559598
COL6A1,0.843307622681109,0,7.1094973775405,4.60604068470593,0,0,0,4.46860335515537,0
COMT,6.47818929601705,5.27181496920106,6.43524049547988,8.19955835145217,7.90086330112127,8.63474004648794,6.84598926291663,7.94293067034707,7.96922470509125
MAPK1,6.80970045988966,7.69732707932215,6.05782298696737,6.74350155640003,6.18361696253436,8.32294239391319,6.14931969745784,4.30680063087715,6.23629479082177
YWHAH,7.56993005441945,10.3528183173157,7.03411313079118,6.47743987900354,5.63653382102523,4.20881251001496,6.7794721260683,7.15702710948739,7.57659317739414
TIMP3,0,3.00031613723891,7.57607772037016,0,0,0,0,0,7.16898749771974
IFT27,3.93497491848683,0,4.8047724936185,3.39966198476817,0,0,0,3.58034341110739,0
PVALB,0,0,0,0,0,0,0,1.74369722987071,0
CDC42EP1,1.75807992347051,0,0,1.04370148673221,4.18624518566689,0,0,3.2649443926497,4.42995320548937
CYB5R3,6.28601999985068,8.10757705957868,0,7.31437927730597,7.41092031482943,8.39967031760334,5.22053856246496,8.26276656081348,5.0574838095014
CMTM7,0.843307622681109,0,0,0,0,0,0,0,0
CDCP1,6.16350149033679,0,7.4560557241492,6.4426501703324,2.53084603244413,0,7.01452016500047,5.76134527692405,6.03565795828179
SPINK8,4.38225022710986,0,0,7.63256535710621,4.3303016176561,5.52941832979741,5.68763087489826,0,6.44518700899104
ASB14,0,0,2.17479231363065,4.25139118580583,0,1.2972786894223,0,0,0
FLNB,7.61737985694478,0,5.39268681017765,8.32424591303491,9.11980222337726,8.5863203960316,7.45900055324465,6.26582152675827,7.77659705331128
PROS1,0,7.29268062222962,0,0,0,0,0,0,0
ATG3,6.49098385800563,3.82051468109845,8.85382081293336,8.33850932944973,7.25715711226461,7.18296255828034,6.63646393176865,7.05877825669841,6.59877476137578
FAM162A,5.16763848630326,0,7.30389584004282,7.84061843716336,8.16865350716149,9.598073798993,8.19268258134878,9.00299843834491,8.322345044551
ALG1L,0.843307622681109,0,6.66915838042982,6.2346872158513,4.84392395693529,4.31827581299783,0,5.78202137350265,5.01444290431185
TM4SF1,9.99646517481475,5.56640770689325,9.5968339166656,9.73347220083846,12.618694312407,9.44356192629567,12.3518756901214,9.00519841626753,10.6764805265562
SPTSSB,4.0775144924767,0,9.99493350563006,6.72913798160761,6.52046925640017,6.34288673448666,0,7.78288566223109,0
GOLIM4,6.31509023096936,6.15010332553132,6.10770209110576,7.2454046313543,4.74454679916748,5.81738404967788,4.52546856046124,6.12725652465806,3.14249360790892
ALG3,7.33467630124864,0,3.79588063492644,5.44162959941066,7.56450567257842,5.57424556775266,5.82588719241979,7.90573102924311,6.41240513866239
DNAJB11,6.06426171023709,5.85522343541366,4.53996409494537,5.40595464217754,6.92402196283839,5.95933533333399,5.45170319342108,6.53306490977494,4.14076170350031
RPL39L,3.28329171821906,0,0,2.88148064607876,0,0,0,5.21010906606064,0
OPA1,7.71330935646436,6.77514505456854,7.83489293510901,5.78494918105097,5.32871654674683,5.48315343552474,5.53470716641754,6.20587367194359,5.82762206783712
S100P,8.8945358287783,0,10.7293433279228,8.53709025551686,9.30123555500067,10.5261889541619,7.83970517965538,6.43202743932497,9.39750821535623
FAM200B,2.52730886067184,0,0,4.66759304973827,4.69216743607206,4.51505197721073,0,0.834285950287708,4.14076170350031
RBPJ,4.14382894566204,4.67277246932893,5.43237456005296,5.86595696191009,6.49011037917301,0,5.06167557102188,2.04680443405476,6.3957305705575
PGM2,0,6.26948328924965,0,6.01548424067287,6.18361696253436,0,6.45657219889555,4.97892776454238,0
GNPDA2,0,0,5.12847240265469,4.66759304973827,3.93897398056954,2.42571333789311,0,2.51041665824996,6.0780797179739
OCIAD2,5.80211462080868,0,4.92093143555958,4.08088364944794,7.01212176931984,0,1.84471249713376,3.83900862573554,3.77868666613505
AREG,0,0,7.19273908285515,3.53792971830122,0,0,0,0,0
SEC31A,7.36279179118873,0,7.37690465579731,7.16231423407733,6.02325544816525,6.64558796060072,8.56265793765007,6.25106647245017,5.36216353090455
HSD17B11,1.37201470237603,0,0,0,0,0,0,0,0
TSPAN5,5.10243437909662,5.78825731498363,6.47378998581924,2.06506563084475,5.25840651377509,1.2972786894223,8.42256688849555,6.19048923944057,6.66984269634042
TRMT10A,0,0,5.80919795563234,4.25139118580583,0,0,0,0,0
PPP3CA,0.843307622681109,4.27646705410085,0,3.07563022327984,4.84392395693529,0,3.50681194739552,5.46151511529678,0
AIMP1,2.52730886067184,2.42655883810241,6.98157569393654,2.88148064607876,5.25840651377509,5.16926634021923,0,2.69617646863997,5.0992777575283
PLA2G12A,5.19916772310487,9.64399159347712,1.11884864333125,2.3912288507298,4.3972717881004,5.52941832979741,6.59838165134284,4.56719593980585,2.780912255517
C4orf3,2.87838610537646,6.00035564952332,6.70200302351255,6.01548424067287,5.29398980957923,7.55135473770975,7.12579603318428,6.12725652465806,6.29142113954378
ANXA5,6.1147347425471,0,6.15591417147655,9.06323205989581,8.15420458076575,7.67997836411844,7.59091790855901,8.16776240934936,5.94687827682976
CLGN,5.16763848630326,0,4.67843552156071,4.83790596399629,0,0,0,0,0
USP38,5.95768784644829,5.33574270137424,0,0,0,0,5.06167557102188,0,0
RPS3A,4.53831762090615,4.62239844342634,7.29315773197084,6.31382163346515,7.26614330761653,4.91422836497748,5.49380204111515,5.63065038047542,6.36179188275366
MAP9,0,1.85824263088808,4.67843552156071,0,0,0,0,0,0
CPE,0,0,1.11884864333125,6.2346872158513,5.42814648695817,1.2972786894223,0,6.83959787463572,6.88822403365713
WWC2,4.5868011524303,3.15006770888608,3.20197113167941,0,2.53084603244413,0,0,5.17926603625191,0
SLC25A4,5.5069349567907,0,6.81140560636924,5.57611217872611,5.22192333320927,0,6.25101073867492,7.48798592216312,5.25530549513003
ANKRD37,5.06869284495427,0,2.50765345445563,1.04370148673221,7.06457155417393,4.68818188746277,0,2.04680443405476,0
SUB1,5.67333047962086,6.65499373697441,4.92093143555958,6.90555698161194,5.74335750603981,6.49051507560831,6.65513462123754,6.00945741586172,6.36179188275366
RPL37,6.51623752606939,2.83320060573328,9.31572147905391,7.88664298699837,7.05423303548071,7.45875798434558,6.95548889509227,6.84942706341844,8.06724877449037
PAIP1,3.59910634993852,3.40971822989597,4.74298648385483,2.65707978202499,0.967774308989832,0,3.66256571443887,4.56719593980585,0
MAP1B,0,7.14883532997594,1.74134691342348,2.3912288507298,0,0,0,0,0
LHFPL2,5.5069349567907,8.94507262196236,0,0,5.25840651377509,0,0,0,5.85227499905585
RASA1,0,4.06642891725039,4.46540285174021,4.329638905314,3.74692244825783,0,0,2.29715377441278,0
CAST,7.71330935646436,2.17020601574214,7.54019985687455,7.26545045131479,7.84198072378167,6.58115783958488,6.63646393176865,8.07446370637645,8.17866158631876
PAM,0,5.27181496920106,6.17942918719837,0,5.22192333320927,0,0,0,0
REEP5,8.06092940477049,3.82051468109845,8.64165509378169,9.50384830544481,9.99015741565304,9.23951868998015,9.43133551912272,9.29139291830975,10.1264769983725
AP3S1,4.96245814770599,0.90705921075679,5.17600658019251,5.40595464217754,4.3303016176561,6.89566060787321,6.67356676714419,5.7190823073656,4.55536590162407
SKP1,7.55781968429256,6.55110422610448,8.93550056766606,8.28550598470225,7.31025338909534,8.89098108767901,7.69382970775077,7.9383328335726,7.24542859444198
H2AFY,7.43077292070978,6.62971426514414,7.98922386683395,8.93455960342737,7.88927747750705,7.18296255828034,4.15759259333674,8.46810035406173,6.80226665608026
TGFBI,6.08128301151423,3.52389183682194,0,0,0,0,0,0,0
RPS14,7.88307712247128,4.81412964080472,9.67955639342672,8.86071419890898,8.27040909807409,9.21141467795114,8.6812614478481,8.49339606572396,9.71060618624338
GPX3,0,0,0,0,0,0,4.04883618003845,0,0
MRPL22,5.45564211355251,0,4.8047724936185,6.42493557335843,5.52116336832044,6.62442936307891,6.9704746967964,5.93755685219747,7.63459246993133
MED7,3.28329171821906,0,1.74134691342348,4.40386013788609,4.74454679916748,0,0,3.48267620502123,4.87703395333824
ADAM19,0.843307622681109,0,0,0,0,0,0,0,0
ADRA1B,0,0,0,0,5.0659992944453,0,0,0,0
PDLIM7,2.52730886067184,8.26362931867045,4.21537091401379,6.21420627890992,7.15442829672709,5.48315343552474,5.36363056944324,5.04884423429105,7.3955490320831
CANX,9.67769076695539,6.70426140227113,10.5969938896246,9.38976648181809,9.10985335581562,9.23603548288233,8.28548376791987,10.0037939184007,8.51993278040591
MCUR1,6.08128301151423,5.8109264922694,5.35187631308918,7.45193348526394,4.79509088348968,5.70093079746821,5.92152472682148,6.12725652465806,1.56443800849731
SOX4,7.18524126945209,3.62968872200817,7.53108922508804,6.49452510881543,5.60854456667591,0,6.55926680951409,2.51041665824996,0
HIST1H2AC,0,9.78090065077555,6.78098502119,3.88748925225091,5.93585385338319,5.65992611751704,0,0,3.14249360790892
HLA-A,9.44764420607018,10.74372289018,10.192776574861,8.33850932944973,9.47599842942263,8.91731749894036,8.1071241831024,7.88198455151801,8.79889408800209
HLA-E,8.25343546947924,11.7329526238561,11.0399044042253,7.83392198397371,9.54407642665293,7.98398099353761,5.7925452952153,8.98304619862636,7.94650656484183
TUBB,10.7872571737748,6.7401385237105,6.99489050288254,10.7380146684162,11.022968632132,7.95884425942404,0,10.7988635495511,8.56909604701311
HLA-C,11.0262930930029,10.9415921606253,12.1373602718811,10.3457930895799,11.2545105191153,10.9484504194442,9.98456546278326,9.54982986495219,10.9907917807318
HLA-B,10.5708234322693,11.5038763768184,12.4398827394359,10.0561405553318,11.2346191632204,10.9495142079419,9.65652147081187,9.43865111397183,10.9225874273268
CLIC1,9.77636262969141,9.92813888523733,8.74770736556857,8.76890918281401,9.38199106688565,9.33378308874,9.28616770700971,8.48396207309299,9.39960052862779
HSPA1B,5.5806089704772,0,5.64998631793611,5.0835032062234,5.79394255151046,5.38591976725673,4.44191560566814,3.83900862573554,1.97688929324989
TNXB,0,3.15006770888608,0,0,0,0,0,0,0
HLA-DRB5,0.843307622681109,2.83320060573328,6.31299732333055,0,7.41092031482943,5.92513532960147,0,0,0
HSD17B8,3.93497491848683,0,6.31299732333055,3.39966198476817,0,5.77960119407752,0,0,0
RPS18,7.95409974080198,2.42655883810241,10.6229529749816,9.70989354680482,8.01720739225763,9.26708567451885,8.91611036032547,8.8325992271047,9.933474845288
HMGA1,5.28982061595719,2.83320060573328,4.86402071962576,6.37044806516492,6.08549831888339,4.91422836497748,6.51906184838019,6.61601680016974,5.32741623947319
SPDEF,9.34391359810182,0,0,8.62892569442609,8.25243394546831,10.4042428083877,9.10110528677796,9.5346797770631,9.04330211923048
STK38,2.87838610537646,6.0771715392537,4.46540285174021,6.47743987900354,0,6.31674362630418,6.22625204056702,5.95587071409321,5.36216353090455
MRPL2,4.43617049758378,0,0,5.29331020148131,5.52116336832044,6.51371523782092,0,2.86072345122316,4.21867300501996
MAD2L1BP,2.7135004883149,5.61873944262153,5.35187631308918,4.83790596399629,0,6.05732440920019,0,5.08257157937645,6.42888918323942
HSP90AB1,10.2385497676371,0,9.13810079703931,10.254717500645,9.77880591935697,10.2172807822998,11.6844450669798,10.5268324440914,10.2382547033445
RUNX2,0,0.90705921075679,3.00547457322004,0,0,0,0,0,0
TNFRSF21,6.62470829139174,0,7.16944176540909,4.7833388332932,0,5.48315343552474,0,0,5.39609357899015
CRISP3,0,0,0,8.39873805939447,0,0,0,8.90978293679843,0
LMBRD1,4.6337081726244,7.29268062222962,7.14576204831804,4.7833388332932,5.32871654674683,5.89010486662563,6.84598926291663,6.48343049907473,0
EEF1A1,8.1032080690308,3.90722780620045,9.66505377187608,8.83411643747879,8.21579747820773,9.10086177550162,8.07281706291536,8.38606541644712,9.57091369761755
CD24,9.58525822741679,0,8.75945724663184,8.93455960342737,10.6922408412403,10.7056390586753,8.73928559881302,10.0735922969726,9.27976467879057
SERINC1,7.42411715873952,7.56355565615644,7.57607772037016,7.52026293583684,8.94056658621094,7.19736283871049,7.32549919890526,6.37872501181642,5.72456844515284
ENPP1,2.06234119915064,0,1.11884864333125,4.329638905314,6.37852207169761,3.81954945185343,0,6.02688628416634,1.56443800849731
CTGF,0,4.94286405140962,10.9900768081753,0,0,10.9976194425864,0,0,11.0237217168386
MOXD1,0,0,3.52927408359663,0,0,0,0,0,0
PERP,9.6278768236768,0,9.64829884336775,9.09157991298556,10.4237030595787,9.00588367883289,10.2175245329294,9.00299843834491,9.20037586008232
HEBP2,6.17939750674948,0,6.71814913031528,7.10784262250677,6.00189642363128,7.84455413174354,5.16950351668004,6.35131663293586,5.94687827682976
ULBP3,4.99874588290801,0,0,3.98742461116933,0,0,0,0,0
EZR,11.0902261534139,0,9.19400870784336,9.52686689274097,10.9142705322697,10.6306894950551,10.9736625543826,10.5275978900493,11.0298132687
TCTE3,0,0,2.77793079780948,0,0,0,0,0,0
ACTB,12.0185102614009,13.8607208275947,11.5294880632876,11.9498946883418,11.7042560524375,11.9921135317227,10.5157774876325,11.7296108841434,11.3359831274391
RAC1,7.86353202939713,8.24293879076554,7.33563878614608,7.46065375557373,6.78088209511051,6.60295582849278,7.34862505821448,6.45795789273571,7.96357862031816
ICA1,4.72318079994974,0,7.58490948781544,0,6.99059603298573,6.08856223600574,6.29928879080895,2.29715377441278,0
NDUFA4,7.37664670055968,7.84192406685006,7.30389584004282,8.65954576839519,7.58619571824277,8.83682053098471,8.44419920234437,7.86270187165498,8.65567904346641
AGR2,0,0,0,0,3.64037238185392,4.0903568110676,8.73928559881302,0,0
ITGB8,4.88702405920873,0,0,5.29331020148131,0,0,0,0,0
MPP6,0,4.06642891725039,2.50765345445563,0,0,4.51505197721073,0,2.69617646863997,0
CPVL,1.37201470237603,0,0,0,0,0,0,0,0
PSMA2,8.91841180755213,5.96035742290969,8.16442200661022,8.7405465893341,7.7230165699181,7.72042491575031,8.44419920234437,8.86687627249946,8.15903422478516
DBNL,6.68162259073832,7.5702150010672,6.47378998581924,7.00429019354587,5.81858513461138,6.31674362630418,0,6.39223637793123,0
YKT6,5.99409426261502,4.20979513258106,8.11649816603117,6.3329451340126,6.53541244033371,3.96129795912948,3.13347161369605,5.46151511529678,5.58444977682396
PPIA,8.48211142578515,6.65499373697441,8.98638218033755,9.82748733694591,8.88914305503275,9.07379977313177,9.04557968904339,9.65445278782703,9.09586305635887
IGFBP3,0,0,9.4081918599011,4.16865492083614,7.28394950322801,0,0,6.23615895125491,0
SEC61G,5.86243742308423,3.90722780620045,7.70319240878125,6.90555698161194,6.56484233684997,7.93326177859537,6.17542230385324,7.25641651935166,7.3002135594725
CLDN4,9.95666445520738,0,6.31299732333055,8.67835846079637,9.31645523167968,9.23603548288233,11.2114098944055,9.2659311310349,9.44892671963956
HSPB1,10.6976556684383,6.13221310314843,5.12847240265469,9.53926938877009,11.3798510731304,11.1745344640575,11.3996356481634,9.15538078743282,11.4089448420829
LRRC17,0,0,0,4.54174470684303,0,0,0,0,0
NDUFA5,5.95768784644829,5.85522343541366,6.61844535650377,5.99161463580692,5.22192333320927,6.87789014701507,5.7925452952153,5.40931084478543,5.90035193841243
SSBP1,6.67041793615409,0,8.96286055881223,7.89952761141865,7.02276538279343,6.96463124455961,6.67356676714419,7.62017280853583,6.65590642024267
TMEM176B,1.75807992347051,0,0,0,0,0,0,0,0
ESYT2,6.88917549074993,4.13989214991377,6.51133616640643,5.9426569431914,7.45087648917103,3.48588283494556,4.04883618003845,7.32846640918973,7.22669466530949
CTSB,6.24128593674496,0,7.07229757393234,6.95576804405586,8.57522436116845,4.91422836497748,6.14931969745784,7.77774743639475,2.29726343115503
ASAH1,7.11259046553221,9.13671099356625,6.94087769342409,6.87978054880402,5.10658842486211,4.68818188746277,3.13347161369605,6.19048923944057,2.780912255517
BNIP3L,6.92732931367356,8.07517041538745,6.70200302351255,8.15726957064212,7.73601120488984,7.65932175841635,7.13912089853764,5.76134527692405,6.13946140942462
DPYSL2,1.37201470237603,4.51604533994688,6.96813685541799,3.78011273527587,0,0,6.03991352294982,0,0
DUSP4,4.80742708924121,0,2.50765345445563,6.2346872158513,0,8.45465166637742,7.87994546553244,4.787700331834,7.56172156038001
ADAM9,0,7.5900105651612,4.30361811528956,5.25371897613993,5.29398980957923,1.2972786894223,3.93120791089612,2.04680443405476,0
SMIM19,3.93497491848683,4.67277246932893,4.21537091401379,2.88148064607876,4.84392395693529,4.31827581299783,2.62845336166009,4.12453173578938,2.97300125790583
SDCBP,6.778731110404,7.26010220048427,6.71814913031528,7.52858098213785,6.79336804257768,7.41013114785152,6.49853124786075,6.33741467308529,7.28218207629124
ASPH,6.67041793615409,0,0,6.81324959273714,7.85395106964609,6.85989806504348,7.1654070082045,7.13308501442111,4.36290654011224
DECR1,0.843307622681109,3.90722780620045,0,0,0,0,0,0,0
GEM,0,0,0,0,0,0,0,0,5.0992777575283
UQCRB,6.0119586493746,3.00031613723891,7.71128139693604,7.88015726434235,5.95820564835564,6.66644072560514,6.79639113020575,7.24900960339704,7.46112930480382
LAPTM4B,6.09810583040704,7.53660656361231,7.07229757393234,7.69301955699562,6.49011037917301,6.96463124455961,7.5713916061528,7.88676521901596,6.69731776801754
COX6C,8.30506335785727,3.00031613723891,8.28855115345798,9.26089905703845,7.72952851800525,9.16454476399275,8.3894978036731,8.47128667989204,9.27521374194716
PABPC1,7.43077292070978,5.9804951489214,10.1502703151991,9.06323205989581,7.90662150793083,8.20674592224146,8.1071241831024,8.6812228997289,9.23593995474791
YWHAZ,9.23784704876557,10.1443818440485,9.13208772294134,8.73336795250108,8.57883519695671,9.2290437374031,8.80763780554094,8.57859350243787,8.824038550254
DERL1,6.17939750674948,2.64415968285407,7.53108922508804,7.67064504339435,7.22064191947062,7.61709950802161,7.01452016500047,6.88808753015786,7.56172156038001
TRIB1,4.80742708924121,5.27181496920106,5.30987769084172,7.66310909040219,6.80574685571457,6.89566060787321,7.88786056685044,2.51041665824996,7.32684513806442
FAM84B,4.96245814770599,0,0,7.17296603349859,8.48188505495239,7.95884425942404,8.14063439760832,5.46151511529678,6.03565795828179
GSDMC,4.43617049758378,0,0,4.83790596399629,4.46127061149664,0,0,0,0
NDRG1,7.44399302942582,0,8.04148849464117,5.12797663188687,6.02325544816525,6.58115783958488,6.79639113020575,0,5.55471570578438
PLEC,8.77931121126769,0,7.53108922508804,6.12924494022766,7.35305473012459,8.42436550760412,7.87198669968719,6.93500028250581,7.80212969965393
SLC39A4,0,0,0,4.72662639942142,4.58133335141104,6.20715947668661,1.84471249713376,5.8618841137083,0
AK3,6.09810583040704,0,7.90709565501071,6.63981725109164,5.89008374943914,0,0,6.45795789273571,5.90035193841243
RRAGA,6.47818929601705,4.81412964080472,5.0793185433476,6.94337815693368,6.53541244033371,6.64558796060072,5.11659670062274,4.94265644026023,8.02450255472523
PLIN2,5.86243742308423,7.17528447655378,8.20508797907729,8.26573880707064,7.77430725991833,4.91422836497748,7.63860781970313,8.04054402962566,0
RPS6,8.60195465223807,3.9890232248091,10.8714693624337,9.97172601573105,8.63541231423552,9.13118068399471,8.67212383327,9.11724267900762,10.2440883942052
KLHL9,5.31881512905322,3.90722780620045,1.74134691342348,6.89272633243738,7.22985772766519,6.55902544105975,0,4.56719593980585,5.69761230526735
CDKN2B,4.99874588290801,3.82051468109845,7.63679396486169,5.03761508897867,0,0,0,0,0
PLAA,7.76689567528052,0,6.94087769342409,5.81246028412237,5.0659992944453,6.20715947668661,6.69176638811301,5.11552842457896,3.14249360790892
NDUFB6,6.08128301151423,2.64415968285407,7.54019985687455,7.60922556216049,7.12509352820949,7.5625223707241,7.42676541762017,7.65421664950903,8.45300572675497
B4GALT1,6.94603439327207,6.28575888150684,7.05968138764098,6.6851687637133,8.56797546393074,6.55902544105975,6.79639113020575,4.94265644026023,8.81779340004501
UBAP1,6.52870050169822,7.58344217759145,4.02081918446073,6.78575368137492,7.18317845947294,6.49051507560831,7.40486810323938,3.58034341110739,7.42871176987838
FAM214B,5.60435397950546,7.97835522984298,1.11884864333125,0,0,4.42001620453904,0,0,5.1793999027687
CLTA,5.40245818969413,7.50914447258892,6.95457165487208,7.59345325200061,6.47468796270751,7.41013114785152,6.36880552575296,7.62590286290951,8.55414654394815
GRHPR,7.10428760114737,6.33351216374529,7.76666892329098,7.65553356638375,7.09514988483308,6.98137074537931,5.7925452952153,7.87718798960856,7.45309295491116
ZFAND5,9.09220999244734,7.93257456700213,9.06423497472949,8.46090562303642,8.99833202642309,7.2808705824667,9.53577828830646,5.43564909518598,7.69034990908196
ANXA1,8.72348465583131,1.45966154349926,6.47378998581924,9.61543544161738,10.6712533276953,0,0,0,0
NMRK1,4.53831762090615,4.27646705410085,3.52927408359663,3.78011273527587,0,4.60421242172402,0,0,5.01444290431185
UBQLN1,8.90890877970729,7.7274291470606,8.7318904993493,7.17296603349859,8.52370013708364,6.08856223600574,8.97674123282539,7.93372029673408,8.39545825427886
GOLM1,0,0,6.41557246777729,5.03761508897867,6.14516651379141,0,0,6.49600010702222,5.90035193841243
ISCA1,5.31881512905322,8.0798447423878,4.86402071962576,5.63892708641068,6.56484233684997,5.48315343552474,5.7925452952153,5.8811776538253,5.1793999027687
TXN,8.86289433335136,5.13477732956764,8.93894907700832,8.93455960342737,8.22042823981581,8.64528279452336,9.14469742674304,7.75700955373225,8.97759197862778
RGS3,0.843307622681109,9.0724932270598,6.66915838042982,0,5.74335750603981,0,0,4.97892776454238,3.14249360790892
ATP6V1G1,7.4829416813888,6.05834759467503,8.16442200661022,7.70774541635739,7.67659086458266,8.48431508554708,7.89573248014536,7.18057835351626,7.55422786653064
RAB14,6.71472370476492,6.52391932348119,7.39710324059447,7.10784262250677,7.17365858978667,6.29011802151213,7.65725096293959,6.0441071091294,6.58413120368082
GSN,8.66258596287701,8.82492152721796,8.75163463504707,8.17856890343896,11.066698986021,8.98528434874309,7.65725096293959,9.9396774427543,7.87010018972311
NDUFA8,6.88917549074993,5.27181496920106,7.39710324059447,7.60922556216049,7.28394950322801,7.3339724514435,6.12273610209032,8.11577168984808,7.65575483970699
OLFML2A,0,0,0,0,0,0,0,4.6594796353863,0
HSPA5,9.29914802785011,5.64421025882745,10.5368196458894,8.06878112474328,7.0748365126806,7.75976838664077,8.69936486356049,9.22498910181655,7.49283439317878
ST6GALNAC6,4.67913798597168,0,2.77793079780948,0,0,0,0,4.18788140320874,0
LRRC8A,6.88917549074993,5.96035742290969,6.71814913031528,6.74350155640003,6.85422653976325,2.77201118331505,4.60444634799238,5.26988477774144,3.67194278334819
AIF1L,0,0,0,7.91229818187513,3.26339332779042,6.14907917921512,5.408338851485,2.04680443405476,2.29726343115503
FAM78A,0,4.20979513258106,2.77793079780948,0,0,0,0,0,0
RXRA,4.38225022710986,0.90705921075679,5.47099968859473,5.29331020148131,6.41129479181945,6.31674362630418,5.57448440341547,6.45795789273571,0
COL5A1,0,0,6.60113698341691,5.33184389944241,8.36545813203709,5.70093079746821,5.26982976624249,3.67181591903733,7.86405169404081
AGPAT2,4.6337081726244,0,7.36669831690388,5.89197934105533,6.57933517402951,0,0,5.40931084478543,6.77673645503361
CLIC3,5.31881512905322,0,0,6.01548424067287,4.26007070111535,6.91321484097735,5.26982976624249,5.32728200249959,1.56443800849731
NPDC1,7.22407601358211,0,8.19934826461606,7.47793774436095,8.14449093764329,8.0489467657837,5.61319428587694,8.22928125301499,8.31792666622823
MAN1B1,6.54105673516623,5.42661764758953,8.40782715427557,8.00463576438213,6.62196009808614,7.73036182690599,7.88786056685044,6.20587367194359,6.9693466838082
DPP7,5.60435397950546,4.57020169182154,6.85586657152739,7.63256535710621,6.53541244033371,5.43535560654455,4.94513275787901,7.5313734500242,6.47724050788837
TUBB4B,10.275993853143,6.79801957271682,6.60113698341691,8.4781866126256,9.45650347150586,7.66968703128724,6.72749101607453,9.00519841626753,8.1189597979667
CD99,8.19989125029983,9.03687767660421,6.15591417147655,7.16231423407733,7.35305473012459,6.17841158420416,6.43512599704869,6.91641783559537,7.21723567877111
TMSB4X,6.94603439327207,11.4471214018226,8.51799051588253,8.32424591303491,6.00189642363128,0,6.14931969745784,6.23615895125491,8.539040507609
APOO,5.62771449427975,0,4.02081918446073,7.55325118226327,7.69000849575974,5.99274334272203,0,6.07794409006704,5.29181136256313
TIMP1,0,9.13446605151423,5.54527954273669,5.2130105354435,4.46127061149664,0,0,0,0
EBP,7.76162572754165,0,0,8.19955835145217,8.9683625629505,6.26299177480354,7.08506671209039,7.41042981251184,7.21723567877111
PCSK1N,2.52730886067184,0,2.17479231363065,5.40595464217754,2.53084603244413,4.51505197721073,3.80313073493845,4.18788140320874,2.97300125790583
PLP2,6.91788503633892,0,6.58361843335365,8.38963418814046,7.75528629882604,5.04737569467284,6.67356676714419,7.25641651935166,5.01444290431185
MAGED2,7.83370875876165,6.76357033520687,8.75945724663184,8.49101285516558,8.69651718106781,9.24645997593988,6.49853124786075,8.53966228202292,8.0299156112172
MSN,2.31347637875414,8.92443073593932,0,0,5.18449356901434,0,0,0,0
AR,0,0,0,0,0,3.81954945185343,0,0,1.97688929324989
PJA1,4.80742708924121,0,2.17479231363065,6.37044806516492,4.02619234968349,4.98233751746731,0,0,3.87807384491537
PGK1,8.82802442701822,7.57684374824901,8.28313467839978,9.75490029542397,9.32937408386544,9.45858431310957,10.2501284383135,10.1411696926998,9.24992369514396
TSPAN6,7.26933857105977,0.90705921075679,7.32513521616239,6.78575368137492,7.23901503956442,5.61772181193057,6.90957424361934,5.8811776538253,3.77868666613505
MORF4L2,7.84371850595253,5.9804951489214,8.42268238798219,8.57773887586784,8.39852557385636,8.6241196879647,8.66753323080772,8.39950853006438,8.8052214076011
SLC6A14,0,0.90705921075679,0,0,0,0,0,0,0
IL13RA1,5.90129543328306,2.17020601574214,1.11884864333125,3.39966198476817,4.84392395693529,0,0,6.8688867928812,0
LAMP2,8.83807355388801,6.05834759467503,9.03553024361635,8.60945278459381,8.1876963578819,6.29011802151213,7.25381059851566,8.87411658602092,8.38704654534362
IDS,6.24128593674496,4.67277246932893,7.92807016102495,6.54459934244938,6.71677810372548,0,3.13347161369605,5.24030648837628,4.14076170350031
HMGB3,5.55646659818827,0,6.31299732333055,6.75772353500039,4.3303016176561,0,6.43512599704869,5.76134527692405,5.82762206783712
PRRG3,0.843307622681109,0,0,0,0,0,0,0.834285950287708,0
ZNF185,5.97600589099516,9.40603409370985,4.21537091401379,5.25371897613993,6.94655639393289,0,0,4.97892776454238,5.36216353090455
BCAP31,9.03220147651466,8.09377753578429,8.31001595870922,8.71161520195463,6.91262136520235,7.42244237400419,6.36880552575296,8.72192013422856,8.31792666622823
FLNA,3.59910634993852,11.6773650252774,5.12847240265469,8.80016447601466,7.32752659965975,2.42571333789311,7.31379575508293,9.71752984056551,9.08550294739363
ATP6AP1,8.47890371896186,5.89820069135955,6.56588453911187,6.94337815693368,7.84797831173967,8.08036454984087,3.33218485004581,7.30722672340103,8.04068117250438
GDI1,6.51623752606939,7.85834073206683,6.43524049547988,6.52810029313185,4.69216743607206,6.44296457706913,4.75050662589372,5.46151511529678,5.21785185108739
FUNDC2,5.5069349567907,4.72144678605181,6.82637868953736,6.74350155640003,5.98021642185542,6.55902544105975,7.20395941455082,5.69747729229411,3.97105330384343
