"","Br11.10","Br11.18","Br11.1","Br11.2","Br11.3","Br11.4","Br11.6","Br11.8","Br11.9"
"NOC2L",5.31881512905322,2.83320060573328,7.92111248588711,6.42493557335843,6.45909889746037,5.85420260742349,5.75841457232562,5.17926603625191,5.82762206783712
"PRDM16",0,0,0,4.89048419696863,0,0,0,0,5.0992777575283
"CHD5",0,0,1.11884864333125,0,0,1.96912187144367,0,0,0
"PHF13",5.99409426261502,5.69384127087612,0,5.40595464217754,6.92402196283839,0,7.45900055324465,5.17926603625191,5.69761230526735
"PRDM2",4.5868011524303,5.78825731498363,7.15765048978403,6.82680349925471,5.63653382102523,6.26299177480354,6.49853124786075,5.67554380706343,1.56443800849731
"SPEN",6.27126223065359,6.83166536551795,6.65245133027749,6.35181845748375,6.12555004339148,6.26299177480354,8.51745571501645,6.07794409006704,2.97300125790583
"PADI2",8.07374360392379,0,0,8.92828621615634,5.25840651377509,9.05810476024654,6.82964528044503,7.57349414969172,8.0619742499257
"PADI4",0,9.86995475113191,0,0,0,0,0,0,0
"HP1BP3",7.20866733083727,5.64421025882745,7.02115704424388,7.81364408516496,7.69667080368553,6.31674362630418,4.60444634799238,7.5313734500242,8.00264491310216
"KDM1A",1.37201470237603,1.45966154349926,5.6159214993519,5.0835032062234,0,0,4.75050662589372,5.17926603625191,5.46164965689992
"HMGN2",5.95768784644829,3.90722780620045,7.02115704424388,7.16231423407733,6.94655639393289,6.49051507560831,6.01121459788637,6.49600010702222,7.16898749771974
"ARID1A",6.64774413645781,8.40815908059895,6.49268521522185,2.88148064607876,6.92402196283839,7.88069431073257,7.65725096293959,6.45795789273571,7.4122256864478
"SFN",3.39642066844677,0,0,6.10719912990423,4.26007070111535,0,0,6.1433264206017,1.97688929324989
"EYA3",3.28329171821906,3.40971822989597,5.12847240265469,4.83790596399629,6.8422584888202,6.31674362630418,5.16950351668004,3.48267620502123,0
"RCC1",7.44399302942582,5.23875646383544,7.67864970844389,7.4431601851867,6.72982879750217,7.38518896778219,5.22053856246496,7.50051607476696,6.68364563652076
"TAF12",4.00800436978356,3.62968872200817,5.68326531930499,6.54459934244938,6.57933517402951,6.53654821228317,5.72345679224892,4.6594796353863,6.46130277635679
"HDAC1",5.86243742308423,6.66746928139384,7.28233909947619,7.84061843716336,2.27001571216642,6.29011802151213,0,7.32142120082927,6.09883181420956
"RBBP4",6.97364500492194,6.42452337617707,8.7318904993493,9.68219975940159,8.20649112356984,7.82613877498418,7.72950390550449,8.98527678957881,6.98057204816726
"PHC2",5.48151647811306,0,2.17479231363065,7.46065375557373,0,1.2972786894223,0,6.12725652465806,4.49402188188269
"SFPQ",7.02732981418079,6.60398392438772,7.50340695560552,8.1626239563973,7.32752659965975,7.37255428575252,7.97960195387762,6.75845624307085,7.99712836480342
"MEAF6",5.60435397950546,3.72825448429138,7.74319129920663,7.02795270098875,6.71677810372548,7.01427809643458,5.22053856246496,5.78202137350265,6.29142113954378
"NFYC",2.06234119915064,6.7401385237105,5.12847240265469,5.72830127327416,7.84797831173967,6.36856452240993,0,5.11552842457896,3.77868666613505
"SCMH1",6.67041793615409,0,2.50765345445563,6.71462996273876,5.69093415152687,1.2972786894223,4.60444634799238,4.787700331834,6.41240513866239
"KDM4A",3.59910634993852,3.00031613723891,2.17479231363065,3.78011273527587,4.98122570813193,0,0,0,4.29259149209961
"DMAP1",4.72318079994974,0,7.29315773197084,4.89048419696863,5.55088238715192,4.42001620453904,5.49380204111515,4.36277556523011,6.86418289678043
"NASP",6.64774413645781,6.03927478905038,7.50340695560552,8.76890918281401,8.52744209011275,7.01427809643458,5.7925452952153,8.74842750358052,6.73757353085111
"RAD54L",4.72318079994974,0.90705921075679,2.50765345445563,6.60877100990403,6.6769023658458,0,0,6.68350931008344,1.56443800849731
"PRKAA2",0,0,7.22699449089111,6.72913798160761,1.54183294072644,5.28165616703326,0,6.83959787463572,0
"MYSM1",4.14382894566204,0,6.87038753122428,3.78011273527587,2.7516620427869,5.99274334272203,1.1990640901276,1.35949233011302,6.05702475646257
"GADD45A",1.37201470237603,6.83166536551795,4.8047724936185,5.47644363256108,4.3972717881004,5.48315343552474,2.62845336166009,4.05827207503453,0
"ZZZ3",0,5.39695749956397,7.4751831132837,1.64294184445923,4.46127061149664,0,6.74502697919905,5.84232905469501,6.82735291462413
"GFI1",0,0,0,1.04370148673221,0,0,0,0,0
"MTF2",5.84260875713161,2.17020601574214,5.39268681017765,5.83945657307712,0,2.42571333789311,5.65089260138538,6.73743715527601,6.01396994741511
"DR1",6.60129865112,6.57778633936776,6.91309354482348,6.78575368137492,0.967774308989832,5.38591976725673,6.36880552575296,6.32337744801335,0.984634069889191
"DNTTIP2",7.91665654882256,4.45977649219037,7.89294130322694,7.15158320425942,6.6769023658458,6.70726325218247,8.27344979023221,6.11100561109593,6.01396994741511
"PRMT6",5.06869284495427,0,3.91272940279308,6.08481120310637,4.46127061149664,0,0,3.83900862573554,0
"WDR77",3.93497491848683,3.00031613723891,5.77873028902746,6.12924494022766,5.36262699582715,1.2972786894223,0,6.73743715527601,0
"MOV10",7.59385002309276,4.81412964080472,8.68337205879763,7.65553356638375,8.58602986906761,8.48431508554708,7.42676541762017,7.84315796922624,7.22669466530949
"TRIM33",5.42929521117582,4.94286405140962,8.06692751738855,5.86595696191009,6.02325544816525,4.20881251001496,3.80313073493845,3.75783289592179,6.37886102321156
"PRKAB2",5.23002261836925,7.98335344087973,0,0,5.60854456667591,0,6.29928879080895,0,0
"CHD1L",5.84260875713161,6.01994645401173,6.41557246777729,6.89272633243738,5.69093415152687,5.57424556775266,6.14931969745784,7.12501519927994,8.15903422478516
"ANP32E",6.71472370476492,0,7.02115704424388,5.66933783661714,7.54248454629383,4.68818188746277,4.94513275787901,4.56719593980585,3.67194278334819
"SETDB1",6.49098385800563,5.8109264922694,6.45464399438441,4.16865492083614,6.02325544816525,0,0,0,5.21785185108739
"VPS72",6.93671216805267,4.51604533994688,5.95257270599829,6.25488146436056,5.91315030326242,2.77201118331505,0,5.822505289613,3.67194278334819
"ZNF687",0.843307622681109,4.67277246932893,3.00547457322004,4.7833388332932,3.52532104143033,5.85420260742349,4.75050662589372,5.40931084478543,5.92380265647105
"POGZ",4.72318079994974,4.27646705410085,8.46635179018674,6.3329451340126,5.45982316543531,5.81738404967788,0,5.2988688128942,6.52402376898035
"TDRKH",1.37201470237603,0,0,5.60786147551581,0,0,0,5.11552842457896,4.67074310798588
"CHTOP",7.14533217801646,3.9890232248091,7.86420905419842,7.38936956438604,7.39462275846673,6.31674362630418,3.33218485004581,5.8811776538253,6.44518700899104
"GATAD2B",3.28329171821906,0,5.9796138381538,5.81246028412237,5.49081924854795,4.42001620453904,6.45657219889555,4.12453173578938,4.72514644042358
"ASH1L",4.88702405920873,5.74182152811815,8.06692751738855,7.22507635136047,2.7516620427869,7.50579912779256,7.49053115020882,6.09456955530288,5.72456844515284
"HDGF",5.16763848630326,7.18399419057359,6.35490653233578,7.03963998973351,6.47468796270751,3.28479423456461,7.12579603318428,5.84232905469501,5.39609357899015
"USP21",3.02634497884694,5.61873944262153,0,4.72662639942142,5.32871654674683,0,3.66256571443887,3.67181591903733,0
"TADA1",5.16763848630326,0,4.38677712657543,5.86595696191009,3.84614159452782,0,3.80313073493845,5.53644189151931,5.82762206783712
"RNF2",6.37153030178473,2.17020601574214,4.67843552156071,5.12797663188687,2.53084603244413,6.08856223600574,0,4.90544963553196,5.49334343659868
"UCHL5",4.0775144924767,1.45966154349926,7.31455461354784,6.08481120310637,6.23943689791442,5.10960792425769,0,4.51874170059269,2.55926093499899
"CDC73",5.26023141449349,6.03927478905038,7.28233909947619,5.03761508897867,0,5.57424556775266,4.75050662589372,6.8297012592123,6.03565795828179
"UBE2T",0,0,0,6.60877100990403,6.79336804257768,4.51505197721073,3.13347161369605,7.78800565296187,0
"KDM5B",5.88199725099046,3.00031613723891,6.96813685541799,3.98742461116933,5.84281385851269,6.96463124455961,8.72167928172898,0,7.40391145559598
"RBBP5",0,3.00031613723891,6.05782298696737,6.86671754569456,0.967774308989832,4.51505197721073,1.84471249713376,5.26988477774144,4.87703395333824
"RCOR3",5.28982061595719,4.62239844342634,8.01559284214926,5.86595696191009,5.71738392977127,5.85420260742349,1.1990640901276,5.80240533087562,7.24542859444198
"NSL1",4.00800436978356,6.03927478905038,6.24775846046066,4.99021931261378,2.94312368104972,6.62442936307891,0,5.48692554094126,5.64214029109355
"SMYD2",5.78143319280547,3.52389183682194,2.77793079780948,6.96805243202301,6.81802035740046,7.22573923341335,2.62845336166009,5.21010906606064,4.87703395333824
"LBR",5.93913422144651,6.42452337617707,3.91272940279308,7.00429019354587,6.7036082741713,4.91422836497748,0,6.56920127036416,0
"PARP1",7.18524126945209,0,7.27143872573267,8.13019544029965,8.16865350716149,7.45875798434558,6.59838165134284,7.70922981708392,7.66969257308241
"TAF5L",0,2.17020601574214,5.95257270599829,3.53792971830122,3.52532104143033,0,0,0,4.67074310798588
"ARID4B",4.76591880332032,5.85522343541366,6.79627549313432,6.49452510881543,0.967774308989832,5.99274334272203,6.7623523498231,2.86072345122316,0
"SMYD3",4.48814791069996,3.9890232248091,0,0,0,1.96912187144367,0,4.18788140320874,0
"ZMYND11",0,0,6.94087769342409,3.88748925225091,5.25840651377509,5.22655541074288,4.81834151982626,5.93755685219747,5.21785185108739
"SFMBT2",0,0,1.11884864333125,0,0,3.66234102537749,0,0,0
"TAF3",4.99874588290801,0.90705921075679,0,4.72662639942142,5.36262699582715,0,3.33218485004581,0,0
"SUV39H2",1.75807992347051,1.45966154349926,2.77793079780948,4.16865492083614,5.0242350797843,0,3.13347161369605,0,0
"MLLT10",2.06234119915064,3.82051468109845,1.74134691342348,3.66409713278708,0,0,0,4.24856596241825,3.87807384491537
"DNAJC1",2.7135004883149,0,7.57607772037016,5.57611217872611,5.66399038320728,3.28479423456461,6.36880552575296,5.56057699896791,0.984634069889191
"BMI1",0,4.51604533994688,6.47378998581924,0,5.25840651377509,0,5.75841457232562,0,0
"MASTL",0,1.85824263088808,5.26661968333222,3.39966198476817,6.63589306676056,1.2972786894223,0,5.9002165776632,0
"WAC",6.50366594796398,6.80932224712269,7.41702293340509,6.49452510881543,5.69093415152687,4.68818188746277,8.33842797079999,4.70349827627479,7.1190697519878
"EPC1",4.67913798597168,2.83320060573328,0,6.03896533855019,1.95138744474997,5.52941832979741,5.92152472682148,0,3.97105330384343
"CUL2",4.6337081726244,0,7.37690465579731,5.78494918105097,6.39500148920146,4.68818188746277,1.1990640901276,5.74036854546079,3.14249360790892
"ERCC6",2.87838610537646,1.45966154349926,3.79588063492644,1.04370148673221,6.14516651379141,4.76753170768432,0,4.46860335515537,0
"PARG",1.75807992347051,0,0,3.07563022327984,0,0,1.1990640901276,0,0
"A1CF",2.06234119915064,0,0,0,0,0,0,0,0.984634069889191
"UBE2D1",1.75807992347051,0,5.47099968859473,0,3.52532104143033,7.03045450940896,0,2.04680443405476,0
"CDK1",4.26795921041992,0,0,7.21480377919955,7.19263592225048,0,0,5.08257157937645,0
"JMJD1C",0,9.1163796363266,7.31455461354784,7.00429019354587,7.08502895039423,4.31827581299783,5.31749237339421,4.746213517374,5.36216353090455
"SIRT1",3.28329171821906,0,5.64998631793611,4.25139118580583,3.52532104143033,3.66234102537749,5.61319428587694,0,0
"DDX50",0.843307622681109,0,4.8047724936185,2.65707978202499,3.84614159452782,4.76753170768432,0,0,0
"DDX21",4.53831762090615,0,6.91309354482348,5.99161463580692,0,3.66234102537749,3.33218485004581,5.9002165776632,2.97300125790583
"KAT6B",6.25635193816673,0,0,4.329638905314,6.34498753687972,0,4.04883618003845,4.94265644026023,5.99195091851952
"PCGF5",6.22606093988449,5.93993462242205,6.66915838042982,6.21420627890992,6.22106918385847,0,3.13347161369605,7.007025241581,0
"HELLS",0,0,0,7.2454046313543,6.90112995863859,1.2972786894223,2.90294840608274,5.60766869311086,0
"EXOSC1",0.843307622681109,0,7.43667133105794,1.64294184445923,0,4.0903568110676,0,4.787700331834,5.46164965689992
"CHUK",0.843307622681109,4.76853236192594,4.30361811528956,2.06506563084475,0.967774308989832,0,4.15759259333674,0,0
"HIF1AN",2.06234119915064,2.17020601574214,6.70200302351255,5.78494918105097,4.10843716652605,0,0,0,0
"MGEA5",7.24688479129286,7.02826452242414,6.03222147911248,6.49452510881543,6.25757369966919,6.39379326525253,5.36363056944324,5.24030648837628,3.14249360790892
"PCGF6",4.53831762090615,0,0,5.47644363256108,0,1.96912187144367,0,0,0
"TAF5",0.843307622681109,0,0,0,0,1.2972786894223,4.25872208316143,3.37791392241941,0
"FAM175B",0,0,0,4.329638905314,1.54183294072644,0,0,3.58034341110739,0
"CTBP2",3.28329171821906,4.90121600996669,5.68326531930499,4.40386013788609,4.26007070111535,5.89010486662563,4.81834151982626,6.26582152675827,5.1793999027687
"NAP1L4",7.50833528175905,7.42347509931971,4.02081918446073,7.48650270330197,6.25757369966919,7.22573923341335,4.25872208316143,6.30920229959073,6.05702475646257
"APBB1",0.843307622681109,0,0,0,4.18624518566689,0,6.12273610209032,0,0
"RRP8",4.76591880332032,4.90121600996669,4.67843552156071,4.25139118580583,6.04430286124211,0,0,0,1.56443800849731
"TAF10",4.5868011524303,5.30413289665563,5.30987769084172,2.65707978202499,5.0659992944453,4.68818188746277,4.35322463387412,2.51041665824996,5.94687827682976
"CTR9",5.80211462080868,7.66658351839344,3.00547457322004,0,4.63781447643797,0,0,5.63065038047542,5.36216353090455
"ARNTL",4.48814791069996,0,4.30361811528956,0,5.32871654674683,3.0510663588384,4.15759259333674,2.29715377441278,0
"ELP4",3.77679268308096,2.64415968285407,0,4.08088364944794,0,0,0,4.30680063087715,0
"NAT10",2.87838610537646,0,3.20197113167941,6.2346872158513,5.58000154070818,0,6.7623523498231,4.05827207503453,0
"PRDM11",1.75807992347051,0,0,0,0,0,0,0,0
"PHF21A",1.75807992347051,5.36667475071933,0,1.64294184445923,2.53084603244413,0,0,0,0
"DDB2",3.02634497884694,2.42655883810241,0,5.81246028412237,0,5.38591976725673,2.90294840608274,6.09456955530288,0
"SSRP1",3.69068333213451,0,2.77793079780948,5.91754064993486,5.45982316543531,2.77201118331505,3.93120791089612,4.05827207503453,5.87651372633266
"DDB1",6.27126223065359,0,6.45464399438441,7.52858098213785,6.23943689791442,7.16841709084902,7.21658462925979,5.35514639873725,6.87625354246645
"MTA2",5.23002261836925,5.39695749956397,7.39710324059447,5.44162959941066,3.26339332779042,5.95933533333399,2.28916177518538,3.37791392241941,2.55926093499899
"TAF6L",2.52730886067184,4.90121600996669,3.91272940279308,0,0,3.81954945185343,0,0,0
"RPS6KA4",3.69068333213451,0,0,1.64294184445923,0,0,0,2.69617646863997,0
"MEN1",0,4.90121600996669,0,4.54174470684303,5.10658842486211,4.68818188746277,0,2.69617646863997,2.55926093499899
"DPF2",5.06869284495427,4.20979513258106,4.38677712657543,1.04370148673221,0,4.20881251001496,4.15759259333674,4.90544963553196,0
"KAT5",5.78143319280547,2.83320060573328,5.86826838111614,5.36937509888177,4.26007070111535,4.42001620453904,0,0,5.77701521807534
"CST6",1.37201470237603,0,0,0,0,0,0,0,0
"BRMS1",5.80211462080868,0,5.83903547337971,0,0,2.77201118331505,0,5.14774918913529,0
"KDM2A",5.84260875713161,6.85366772513329,1.74134691342348,4.66759304973827,6.86609612457203,6.46693572251838,5.92152472682148,3.75783289592179,2.97300125790583
"GSTP1",11.1674745043623,4.13989214991377,10.5948093999929,10.4545612392245,9.3716200720473,11.4237515260536,10.1200927584151,9.82729073508928,10.5043991373471
"SUV420H1",0,2.17020601574214,6.08297809057871,4.16865492083614,0,0,0,4.12453173578938,5.72456844515284
"ARRB1",3.59910634993852,9.18740338861616,5.30987769084172,3.24672430706797,0,5.65992611751704,0,4.787700331834,4.55536590162407
"C11orf30",5.42929521117582,3.15006770888608,0,6.72913798160761,0,0,2.62845336166009,6.07794409006704,0
"CLNS1A",4.14382894566204,0,7.4656511175791,5.96734345125375,6.62196009808614,5.16926634021923,0,7.54957596432312,4.14076170350031
"RSF1",3.28329171821906,6.79801957271682,5.58103285319381,5.25371897613993,4.52255059110667,4.76753170768432,7.56152844704211,4.24856596241825,7.19812959494933
"EED",3.8580506738477,0,0,4.72662639942142,0.967774308989832,0,5.11659670062274,5.24030648837628,5.46164965689992
"PIWIL4",0,0,0,0,4.63781447643797,0,0,0,0
"PGR",0,0,3.20197113167941,0,0,0,0,0,0
"CUL5",5.34723838785159,6.36449156363038,6.73411653402447,5.96734345125375,3.26339332779042,5.99274334272203,4.52546856046124,4.41665960727428,2.780912255517
"ATM",0.843307622681109,0,3.79588063492644,3.07563022327984,0,0,0,2.86072345122316,3.14249360790892
"ZBTB16",0,8.2677320529019,0,2.88148064607876,6.22106918385847,0,0,0,0
"KMT2A",7.59976855703991,8.9270271810385,7.1337748263085,6.2346872158513,5.14606679016331,5.10960792425769,8.00165388628761,0,3.4313706822122
"HINFP",0,6.62971426514414,0,0,0,0,0,4.97892776454238,0
"CHEK1",6.778731110404,0,0,5.12797663188687,5.58000154070818,0,1.84471249713376,6.67247755317429,0
"NFRKB",5.03414323195572,6.51013233404687,5.80919795563234,2.3912288507298,0,4.60421242172402,0,3.83900862573554,4.42995320548937
"KDM5A",5.84260875713161,7.40868890825621,1.11884864333125,6.37044806516492,6.12555004339148,2.42571333789311,0,5.51189614406221,6.11928963489296
"PRMT8",0,0,0,0,0,0,0,1.74369722987071,0
"CHD4",4.00800436978356,7.90649878425388,7.95557009163928,4.40386013788609,6.56484233684997,6.72724936287899,6.41335617256208,5.95587071409321,5.75103014536539
"ING4",5.42929521117582,6.70426140227113,5.0793185433476,3.53792971830122,4.74454679916748,6.14907917921512,0,1.74369722987071,5.21785185108739
"ATN1",0,0.90705921075679,0,3.07563022327984,0,0,3.50681194739552,2.29715377441278,0.984634069889191
"AICDA",0,0,1.11884864333125,0,0,0,0,0,0
"PHC1",0.843307622681109,4.06642891725039,2.17479231363065,2.65707978202499,4.3303016176561,1.96912187144367,0,0,3.67194278334819
"ATF7IP",6.50366594796398,10.1207608655003,5.58103285319381,5.36937509888177,5.93585385338319,1.2972786894223,0,5.2988688128942,5.85227499905585
"AEBP2",0,0.90705921075679,2.50765345445563,0,0,0,3.33218485004581,0,4.29259149209961
"YAF2",2.31347637875414,4.67277246932893,0,2.88148064607876,3.52532104143033,3.81954945185343,5.408338851485,2.51041665824996,3.5566654148697
"ARID2",3.02634497884694,4.45977649219037,6.54792994056188,3.39966198476817,4.93689464572783,3.48588283494556,0,1.74369722987071,0
"HDAC7",5.03414323195572,4.57020169182154,0,3.98742461116933,0,0,0,3.67181591903733,5.25530549513003
"VDR",0.843307622681109,6.42452337617707,0,0,0,0,0,0,0
"SENP1",0,4.81412964080472,1.74134691342348,3.88748925225091,0,0,0,5.43564909518598,0
"KANSL2",2.31347637875414,0,4.74298648385483,6.4426501703324,0,0,5.7925452952153,6.29488649055664,3.29415048675952
"PRKAG1",5.80211462080868,4.57020169182154,7.04695390036204,5.12797663188687,0,0,5.72345679224892,5.26988477774144,0
"KMT2D",4.5868011524303,5.91921856025454,6.47378998581924,1.04370148673221,4.3972717881004,0,5.98193317010962,5.67554380706343,2.780912255517
"MCRS1",0.843307622681109,3.9890232248091,5.47099968859473,5.44162959941066,0,7.16841709084902,4.88312957164409,0,0
"SMARCD1",0.843307622681109,0,0,1.04370148673221,0,0,0,2.69617646863997,0
"SP1",1.75807992347051,5.17027626076525,6.63554853603788,0,0,0,0,5.32728200249959,4.29259149209961
"CBX5",6.71472370476492,4.51604533994688,6.98157569393654,7.50348156941468,7.76165452415669,7.55135473770975,1.84471249713376,7.59702225793526,6.99171074379914
"CDK2",3.77679268308096,0,3.91272940279308,1.64294184445923,5.49081924854795,0,0,6.43202743932497,0
"SMARCC2",4.5868011524303,6.43914898236786,3.79588063492644,5.83945657307712,0,5.43535560654455,4.75050662589372,3.37791392241941,4.29259149209961
"BAZ2A",5.93913422144651,6.00035564952332,4.02081918446073,4.16865492083614,0,7.75003264803006,6.17542230385324,5.43564909518598,0.984634069889191
"MBD6",3.93497491848683,4.72144678605181,5.86826838111614,4.16865492083614,0.967774308989832,3.96129795912948,4.52546856046124,0.834285950287708,3.87807384491537
"USP15",2.52730886067184,7.98335344087973,6.49268521522185,5.81246028412237,0,5.85420260742349,3.66256571443887,5.58431498030469,6.62762337867293
"YEATS4",0,0.90705921075679,5.9796138381538,4.47444907343756,4.26007070111535,3.28479423456461,0,5.24030648837628,0
"NAP1L1",6.98273235145672,10.5272270285886,7.75105970167035,7.96227918126917,7.79308070229581,6.41858839898004,6.41335617256208,7.50674057569652,6.49300409427641
"UBE2N",6.72559076277739,2.83320060573328,4.02081918446073,6.96805243202301,4.89115807823127,5.43535560654455,6.81311401680989,5.95587071409321,6.92355086343558
"USP44",0,4.34019345737389,3.91272940279308,0,0,0,0,0,0
"CDK17",3.39642066844677,7.44537406675006,0,3.07563022327984,0,0,5.7925452952153,3.00840964825682,4.77757258261982
"ACTR6",5.5806089704772,0,6.26983416616533,5.89197934105533,4.18624518566689,5.334729653805,5.61319428587694,2.04680443405476,6.49300409427641
"TDG",3.39642066844677,0,5.77873028902746,3.24672430706797,1.95138744474997,1.96912187144367,0,5.01430949800056,2.780912255517
"HCFC2",0,0,6.20256706199523,1.04370148673221,0,3.96129795912948,0,0,5.36216353090455
"NFYB",0.843307622681109,0,0,4.16865492083614,4.18624518566689,4.84274379167813,0,0.834285950287708,5.72456844515284
"PRDM4",0.843307622681109,4.06642891725039,0,4.16865492083614,0,0,5.82588719241979,0,5.52435589374636
"WSB2",6.14742837403328,0,6.08297809057871,7.16231423407733,6.64969276249576,6.87789014701507,4.67932411407081,6.09456955530288,4.92430611074429
"SUDS3",6.35762593193181,4.72144678605181,5.64998631793611,6.49452510881543,4.69216743607206,6.08856223600574,0,3.91585914794893,2.780912255517
"PRKAB1",0,4.62239844342634,0,3.39966198476817,0,5.74080216804716,0,2.86072345122316,0
"CIT",0,4.34019345737389,0,4.08088364944794,6.59368386777766,0,0,0,0
"KDM2B",4.67913798597168,4.76853236192594,6.10770209110576,4.89048419696863,0,3.48588283494556,0,0,0
"SETD1B",2.06234119915064,4.72144678605181,6.00615743648722,3.53792971830122,4.18624518566689,2.42571333789311,5.92152472682148,0,0
"SETD8",2.87838610537646,0,0,3.24672430706797,0.967774308989832,0,4.15759259333674,0,0
"NCOR2",5.40245818969413,4.72144678605181,4.86402071962576,5.03761508897867,6.04430286124211,3.81954945185343,0,2.69617646863997,6.15935502675774
"EP400",3.77679268308096,4.57020169182154,5.6159214993519,5.91754064993486,5.52116336832044,3.48588283494556,0,4.30680063087715,5.67014289600023
"FBRSL1",2.52730886067184,2.42655883810241,2.77793079780948,0,1.95138744474997,0,3.80313073493845,2.29715377441278,0
"MPHOSPH8",0.843307622681109,2.17020601574214,5.26661968333222,5.44162959941066,3.11212755778684,5.89010486662563,0,4.24856596241825,4.49402188188269
"ZMYM2",5.80211462080868,7.05699629555159,7.04695390036204,4.08088364944794,0.967774308989832,6.02539521063773,1.1990640901276,2.04680443405476,5.85227499905585
"SAP18",4.99874588290801,6.20248021126391,6.39563259880387,7.99866042960462,6.37852207169761,7.55135473770975,7.60058284048547,5.32728200249959,7.26392237169988
"USP12",4.43617049758378,7.66035540032604,2.17479231363065,3.07563022327984,0,0,0,5.822505289613,4.05840147761124
"HMGB1",4.72318079994974,6.31776937803914,6.00615743648722,6.35181845748375,5.76887172460187,4.42001620453904,6.0680526697145,6.41888531813369,6.13946140942462
"BRCA2",4.14382894566204,0,0,4.16865492083614,2.27001571216642,0,0,3.00840964825682,0
"EXOSC8",0,0,5.12847240265469,4.54174470684303,2.27001571216642,1.96912187144367,0,5.40931084478543,6.15935502675774
"FOXO1",0,7.40868890825621,5.43237456005296,0,0,5.92513532960147,0,0,0
"RB1",1.37201470237603,5.36667475071933,0,0,0,0,0,0,0
"TDRD3",2.06234119915064,0,1.74134691342348,2.3912288507298,0,0,0,1.74369722987071,0
"ING1",3.02634497884694,4.13989214991377,2.77793079780948,4.54174470684303,4.79509088348968,5.16926634021923,0,4.6594796353863,0
"CUL4A",5.03414323195572,0,6.22533970255541,6.51141037126527,5.89008374943914,6.44296457706913,7.6101834555376,5.35514639873725,6.53928702917681
"TFDP1",4.80742708924121,0,7.20424816272889,7.95612543366986,5.71738392977127,5.95933533333399,8.02337381807431,6.20587367194359,6.25490527055571
"PARP2",5.60435397950546,0,7.4560557241492,6.87978054880402,6.49011037917301,5.10960792425769,0,7.90573102924311,0
"APEX1",6.02960453061713,5.71803085251162,8.18199082441746,7.88664298699837,6.86609612457203,7.41013114785152,8.46021319935359,7.70382194552418,7.01373341081071
"SUPT16H",6.17939750674948,4.94286405140962,8.33640551676582,8.21510243657319,8.71304132837634,6.53654821228317,2.28916177518538,8.12793691853178,7.26392237169988
"CHD8",6.0119586493746,3.15006770888608,7.58490948781544,5.47644363256108,5.18449356901434,4.0903568110676,6.45657219889555,4.97892776454238,4.97007833961197
"PRMT5",6.84001895839983,0,8.8899032901194,7.63256535710621,6.8422584888202,4.60421242172402,7.81501099473954,4.24856596241825,5.77701521807534
"BAZ1A",4.26795921041992,3.62968872200817,5.43237456005296,5.47644363256108,7.88344948709483,5.70093079746821,8.09349907612442,6.50846114638301,2.55926093499899
"BRMS1L",0.843307622681109,0,6.70200302351255,3.78011273527587,5.39575865253258,0,0,0,2.55926093499899
"MBIP",2.87838610537646,0,0,3.78011273527587,0,0,2.90294840608274,0,2.55926093499899
"FOXA1",6.32940859564325,0,7.00808355072043,6.49452510881543,6.16451983117734,7.3339724514435,6.63646393176865,6.0441071091294,8.24997390234977
"ARID4A",4.76591880332032,4.90121600996669,4.46540285174021,4.329638905314,2.94312368104972,5.16926634021923,6.12273610209032,3.00840964825682,6.13946140942462
"MAX",3.93497491848683,10.0185611245007,2.77793079780948,4.99021931261378,4.69216743607206,2.77201118331505,5.8903447089995,5.26988477774144,4.61420758579265
"DPF3",0,4.62239844342634,0,0,0,0,0,0,0
"C14orf169",0,0,0,5.29331020148131,5.29398980957923,6.72724936287899,0,6.40562237835399,0.984634069889191
"NEK9",5.82250375999043,4.34019345737389,5.54527954273669,5.51043731678622,6.86609612457203,4.60421242172402,0,6.33741467308529,6.3957305705575
"JDP2",4.0775144924767,0,1.74134691342348,0,2.27001571216642,0,0,3.37791392241941,3.97105330384343
"ALKBH1",0,0,0,1.04370148673221,2.27001571216642,5.04737569467284,0,4.56719593980585,5.32741623947319
"RPS6KA5",0.843307622681109,0,3.37488463660939,6.71462996273876,5.81858513461138,0,4.25872208316143,6.22109577930349,1.56443800849731
"SMEK1",5.5806089704772,0,6.51133616640643,5.63892708641068,6.14516651379141,5.10960792425769,7.74701556679921,6.73743715527601,5.01444290431185
"UBR7",6.24128593674496,0,5.22202442078976,7.03963998973351,8.35707147341146,2.77201118331505,6.74502697919905,7.97021415856016,0
"VRK1",5.34723838785159,0,6.84119796870364,6.98023310231473,6.45909889746037,0,0,5.51189614406221,5.72456844515284
"SETD3",5.40245818969413,0,6.20256706199523,5.9426569431914,4.26007070111535,6.31674362630418,0,6.11100561109593,7.12919243150081
"YY1",6.22606093988449,6.72827834059856,7.09720371289533,5.75690324670582,6.45909889746037,4.98233751746731,6.22625204056702,6.80970200314738,5.87651372633266
"RCOR1",4.14382894566204,4.40122362969243,2.50765345445563,2.65707978202499,6.14516651379141,2.42571333789311,3.93120791089612,2.29715377441278,1.56443800849731
"MTA1",4.32623619681367,0,6.29157716041467,6.63981725109164,5.42814648695817,4.98233751746731,0,3.67181591903733,4.36290654011224
"BAHD1",0,0.90705921075679,0,0,3.84614159452782,5.04737569467284,0,0,0
"RAD51",6.28601999985068,0,0,5.0835032062234,6.56484233684997,0,0,5.2988688128942,0
"INO80",0.843307622681109,0.90705921075679,5.0793185433476,4.25139118580583,0.967774308989832,5.04737569467284,3.33218485004581,5.21010906606064,0
"MGA",4.14382894566204,0,6.54792994056188,3.39966198476817,4.02619234968349,2.42571333789311,5.57448440341547,5.3824828001258,4.87703395333824
"TP53BP1",4.0775144924767,6.53757580495658,5.0793185433476,3.07563022327984,5.71738392977127,0,2.62845336166009,0,0
"EID1",4.32623619681367,7.70339794938485,6.73411653402447,7.07414429894728,3.52532104143033,5.99274334272203,5.92152472682148,6.26582152675827,7.22669466530949
"LEO1",0,0.90705921075679,0,5.96734345125375,5.52116336832044,3.0510663588384,5.95204510272603,3.67181591903733,4.36290654011224
"USP3",5.5069349567907,3.90722780620045,6.31299732333055,5.44162959941066,6.18361696253436,2.42571333789311,4.44191560566814,4.05827207503453,3.29415048675952
"ANP32A",2.31347637875414,1.45966154349926,5.30987769084172,3.88748925225091,3.84614159452782,4.76753170768432,3.50681194739552,3.14237153267426,2.55926093499899
"PKM",7.51461445298009,9.04407147288657,7.23823456671994,8.03414675319858,8.99563311021183,7.23972083773978,8.6812614478481,7.13308501442111,8.14413645857025
"SIN3A",0,4.51604533994688,1.74134691342348,4.89048419696863,4.93689464572783,5.10960792425769,6.27535170117926,4.56719593980585,6.27327873302504
"HMG20A",1.75807992347051,4.67277246932893,0,0,0,1.2972786894223,0,0,5.69761230526735
"MORF4L1",4.92523407437831,5.69384127087612,5.30987769084172,4.60604068470593,4.69216743607206,4.20881251001496,4.44191560566814,5.3824828001258,5.49334343659868
"ZNF592",0,0,1.74134691342348,5.1711199910248,0,0,0,0,4.21867300501996
"CHD2",5.88199725099046,6.1677744137996,8.01559284214926,5.03761508897867,5.91315030326242,6.82322643216428,7.27810476308801,5.04884423429105,6.59877476137578
"NAA60",3.93497491848683,5.51210603001052,2.77793079780948,4.72662639942142,6.49011037917301,5.61772181193057,0,4.787700331834,0
"CREBBP",5.86243742308423,3.90722780620045,7.43667133105794,5.63892708641068,5.58000154070818,5.04737569467284,6.7623523498231,4.05827207503453,3.77868666613505
"GLYR1",5.95768784644829,4.90121600996669,4.46540285174021,3.24672430706797,0,2.42571333789311,3.13347161369605,0,0
"UBN1",3.28329171821906,6.42452337617707,6.35490653233578,1.04370148673221,0,0,6.61754844336872,3.14237153267426,0.984634069889191
"USP7",5.99409426261502,4.20979513258106,6.81140560636924,4.40386013788609,4.74454679916748,4.68818188746277,3.66256571443887,2.69617646863997,0
"PRKCB",0.843307622681109,8.84976561179933,0,0,0,0,0,0,0
"KDM8",0,0,0,0,5.0659992944453,1.96912187144367,0,0,0
"CCDC101",5.42929521117582,1.45966154349926,4.38677712657543,1.64294184445923,0,3.0510663588384,0,0,0
"MAZ",4.76591880332032,3.40971822989597,5.39268681017765,1.64294184445923,4.58133335141104,3.0510663588384,5.408338851485,4.51874170059269,2.97300125790583
"PAGR1",0.843307622681109,0,6.35490653233578,5.40595464217754,1.95138744474997,4.42001620453904,0,4.30680063087715,4.72514644042358
"HIRIP3",0,0,0,6.12924494022766,0,0,3.33218485004581,0.834285950287708,0
"INO80E",2.06234119915064,0,5.54527954273669,3.88748925225091,3.11212755778684,3.0510663588384,1.1990640901276,0.834285950287708,4.21867300501996
"PPP4C",6.52870050169822,5.5928108442737,6.15591417147655,6.42493557335843,6.20246460178158,6.55902544105975,7.29010013545746,5.35514639873725,6.50859730005147
"PRR14",1.37201470237603,3.90722780620045,4.61086050056151,3.39966198476817,0,0,0,2.04680443405476,0
"FBRS",0,5.66923917758208,0,0,0,4.68818188746277,3.66256571443887,2.51041665824996,0
"SRCAP",5.82250375999043,5.20492264168505,7.36669831690388,6.49452510881543,6.20246460178158,4.42001620453904,6.70973927782194,4.46860335515537,0
"RNF40",5.6956087635486,5.02271799168463,3.52927408359663,2.65707978202499,5.93585385338319,5.81738404967788,0,3.14237153267426,0
"SETD1A",1.37201470237603,0,6.87038753122428,4.47444907343756,5.22192333320927,0,0,2.69617646863997,0
"KAT8",3.93497491848683,3.52389183682194,5.9250150315881,4.89048419696863,4.69216743607206,0,6.32283519148033,4.56719593980585,3.5566654148697
"BRD7",3.50132002521678,4.06642891725039,5.47099968859473,3.07563022327984,5.14606679016331,0,5.49380204111515,3.37791392241941,4.61420758579265
"CHD9",5.28982061595719,8.44122942209261,6.43524049547988,6.27479693979256,3.93897398056954,4.76753170768432,0,0.834285950287708,5.80254052993488
"SETD6",4.88702405920873,0,7.00808355072043,5.75690324670582,0,0,4.25872208316143,5.69747729229411,0
"CTCF",0,0,6.17942918719837,4.7833388332932,0,1.2972786894223,0,5.84232905469501,0
"PRMT7",5.65070276859227,0,6.43524049547988,5.9426569431914,6.02325544816525,0,5.11659670062274,0,4.29259149209961
"CDH1",8.7423345590495,0,0,0,0,3.28479423456461,0,0,0
"EXOSC6",0,0,0,0,0,4.20881251001496,0,2.69617646863997,3.87807384491537
"SF3B3",6.62470829139174,0,8.1406590705865,7.2852215533142,6.93533317550634,6.46693572251838,0,5.80240533087562,5.13989497101275
"CDYL2",0,3.15006770888608,3.37488463660939,3.88748925225091,0,0,0,0,0
"GSE1",4.32623619681367,7.63517052661353,6.63554853603788,3.78011273527587,1.54183294072644,5.89010486662563,3.93120791089612,4.24856596241825,7.53151037162477
"BANP",2.87838610537646,2.17020601574214,6.41557246777729,3.88748925225091,1.54183294072644,0,4.04883618003845,4.30680063087715,0
"YWHAE",7.18524126945209,7.07583776513545,8.23344893876362,8.42124952900009,7.62862137063881,8.15604003426077,6.25101073867492,7.78288566223109,6.83973433840871
"MYO1C",7.12084581934185,6.62971426514414,5.83903547337971,7.29500641814799,7.84198072378167,8.42436550760412,7.53152781439095,8.02761568704074,7.83960089319839
"SMYD4",2.7135004883149,5.83324497049942,0,2.88148064607876,6.34498753687972,0,0,7.34939793085217,0
"GSG2",0,0,0,4.25139118580583,0,0,0,5.08257157937645,0
"MYBBP1A",5.86243742308423,0,7.36669831690388,4.66759304973827,2.7516620427869,4.60421242172402,0,5.95587071409321,2.780912255517
"PELP1",4.20722869586796,0,3.37488463660939,5.2130105354435,6.08549831888339,7.15372347895468,4.35322463387412,1.35949233011302,0
"C17orf49",6.08128301151423,6.37973532178671,6.05782298696737,5.36937509888177,4.79509088348968,5.77960119407752,4.35322463387412,5.32728200249959,0
"ELP5",4.26795921041992,0,1.11884864333125,4.40386013788609,3.93897398056954,5.89010486662563,1.84471249713376,6.69445735095687,6.7507463154004
"SENP3",0,0,5.86826838111614,0,0,2.77201118331505,0,0,0
"TP53",0,0,0,0,0,4.91422836497748,0,2.69617646863997,2.55926093499899
"KDM6B",4.5868011524303,5.69384127087612,7.22699449089111,2.06506563084475,4.84392395693529,1.2972786894223,3.33218485004581,0,0
"CHD3",0,3.72825448429138,0,4.54174470684303,6.62196009808614,5.99274334272203,4.94513275787901,0,0
"AURKB",0,0,0,0,6.97971151381345,0,0,0,0
"TRIM16",6.87947726346346,0,4.38677712657543,3.66409713278708,5.49081924854795,4.60421242172402,6.20106101789824,2.86072345122316,4.14076170350031
"NCOR1",6.37153030178473,6.0957530334835,6.29157716041467,5.72830127327416,0,1.2972786894223,5.7925452952153,5.58431498030469,4.55536590162407
"RAI1",2.87838610537646,0,0,5.69912076594448,6.14516651379141,1.96912187144367,3.13347161369605,4.05827207503453,6.76379991094533
"USP22",6.88917549074993,8.54290858756178,8.32590754785037,6.42493557335843,6.23943689791442,6.26299177480354,5.85847590428641,6.62748710526465,5.92380265647105
"SUPT6H",4.6337081726244,0.90705921075679,7.31455461354784,0,6.81802035740046,5.38591976725673,5.85847590428641,4.46860335515537,2.29726343115503
"PHF12",0.843307622681109,3.52389183682194,5.02843071849316,5.57611217872611,3.26339332779042,0,5.36363056944324,3.98882215151491,0
"SUZ12",4.32623619681367,3.40971822989597,7.00808355072043,5.40595464217754,5.49081924854795,4.31827581299783,1.84471249713376,5.46151511529678,0
"TADA2A",4.38225022710986,4.62239844342634,6.60113698341691,0,5.10658842486211,0,0,3.83900862573554,0
"MLLT6",4.0775144924767,0,5.80919795563234,3.07563022327984,0,3.48588283494556,0,2.29715377441278,0
"PCGF2",1.75807992347051,0,1.11884864333125,0,0,0,0,5.24030648837628,5.75103014536539
"IKZF3",1.75807992347051,1.45966154349926,0,0,0,0,0,0,0
"MSL1",2.06234119915064,0,4.38677712657543,3.53792971830122,0,4.84274379167813,3.93120791089612,5.95587071409321,0
"CDC6",4.72318079994974,0,0,7.95612543366986,8.27486810916908,0,0,8.09112909656039,0
"RARA",2.06234119915064,5.39695749956397,4.46540285174021,1.64294184445923,0,0,3.80313073493845,0,4.21867300501996
"TOP2A",4.26795921041992,0,0,4.99021931261378,8.27931338102487,0,0,2.29715377441278,0
"SMARCE1",4.6337081726244,5.42661764758953,5.83903547337971,6.08481120310637,5.36262699582715,4.20881251001496,0,2.04680443405476,5.21785185108739
"KAT2A",0,0,4.74298648385483,1.64294184445923,3.74692244825783,0,0,1.35949233011302,2.55926093499899
"EZH1",5.55646659818827,0,4.38677712657543,0,0,0,0,0,0
"BRCA1",3.02634497884694,0.90705921075679,0,6.86671754569456,6.72982879750217,0,0,6.17493898244673,0
"HDAC5",4.84777444925032,8.97046646432243,0,4.83790596399629,6.22106918385847,6.41858839898004,0,4.18788140320874,2.780912255517
"ATXN7L3",0,0,5.47099968859473,0,0,0,0,0,0
"KANSL1",5.06869284495427,2.42655883810241,4.8047724936185,5.03761508897867,0,3.28479423456461,0,0,0
"CBX1",3.8580506738477,1.45966154349926,6.61844535650377,4.94121343318483,0,5.92513532960147,0,4.6594796353863,0
"SPOP",1.37201470237603,7.50219648585107,5.22202442078976,1.64294184445923,0,5.334729653805,0,4.56719593980585,5.36216353090455
"KAT7",5.34723838785159,4.67277246932893,0,4.89048419696863,6.62196009808614,3.48588283494556,0,4.6594796353863,0.984634069889191
"MBTD1",0,6.99894889877446,5.715793942402,0,0,2.42571333789311,0,3.58034341110739,0
"SRSF1",5.6956087635486,4.90121600996669,6.73411653402447,7.61704752326989,7.38640441611986,4.98233751746731,5.16950351668004,7.56158462335924,5.80254052993488
"TLK2",4.6337081726244,4.57020169182154,2.50765345445563,0,4.02619234968349,0,4.67932411407081,1.74369722987071,1.56443800849731
"SMARCD2",1.75807992347051,2.17020601574214,0,5.44162959941066,0.967774308989832,0,6.03991352294982,5.40931084478543,6.09883181420956
"PRKCA",4.48814791069996,6.75190200047506,1.11884864333125,4.94121343318483,3.74692244825783,0,2.28916177518538,5.97395500727885,5.67014289600023
"BPTF",4.5868011524303,1.45966154349926,5.80919795563234,3.66409713278708,4.52255059110667,2.77201118331505,3.50681194739552,0,5.29181136256313
"CDK3",0,0,0,4.94121343318483,0,5.38591976725673,0,4.51874170059269,0
"JMJD6",4.88702405920873,3.40971822989597,0,0,0,5.334729653805,6.3460034519053,4.86725781568248,0
"USP36",0,0,6.05782298696737,3.88748925225091,0,3.28479423456461,5.95204510272603,0,0.984634069889191
"CBX2",6.1147347425471,0,6.35490653233578,1.04370148673221,6.29317729085369,0,0,0,0
"CBX8",0.843307622681109,0,0,0,0,0,0,0,0
"CBX4",3.8580506738477,2.42655883810241,5.02843071849316,3.07563022327984,0,1.96912187144367,3.93120791089612,0.834285950287708,5.87651372633266
"SIRT7",2.7135004883149,4.20979513258106,0,3.07563022327984,0,1.2972786894223,4.25872208316143,0,0
"L3MBTL4",4.53831762090615,0,0,0,0,0,0,0,0
"INO80C",0,2.17020601574214,1.74134691342348,3.39966198476817,4.98122570813193,4.20881251001496,0,3.83900862573554,6.71086154688727
"ELP2",4.14382894566204,2.83320060573328,7.88581170851857,2.65707978202499,0,5.81738404967788,0,2.29715377441278,6.78955802822116
"MBD1",5.23002261836925,5.83324497049942,4.30361811528956,0,0,5.70093079746821,6.3460034519053,4.90544963553196,4.36290654011224
"CXXC1",4.38225022710986,0,0,5.69912076594448,6.20246460178158,0,7.3937935370556,6.62748710526465,2.97300125790583
"MBD2",0,0,0,2.88148064607876,0,3.28479423456461,0,2.29715377441278,2.55926093499899
"ZNF532",0,0,3.20197113167941,5.03761508897867,0,3.96129795912948,0,0,0
"ZNF516",0,0,6.03222147911248,0,0,0,0,0,0
"MUM1",2.52730886067184,0,7.59368751849445,6.38884017121826,5.95820564835564,6.36856452240993,0,4.82802740442056,1.97688929324989
"MBD3",0,0,7.26045536612228,5.2130105354435,0,1.2972786894223,0,5.93755685219747,6.32703553032119
"DOT1L",5.90129543328306,3.40971822989597,6.08297809057871,6.15095893285967,6.83019032438267,4.51505197721073,4.75050662589372,8.202688946486,3.29415048675952
"GADD45B",4.14382894566204,0,6.05782298696737,5.60786147551581,0,6.20715947668661,7.2415083613192,4.6594796353863,8.23129928589709
"TLE2",0.843307622681109,0,5.6159214993519,0,0,0,0,0,1.56443800849731
"HMG20B",7.41071280287415,7.29268062222962,4.21537091401379,7.34295936154136,7.67659086458266,7.44675406602321,7.20395941455082,7.81834978818046,7.33561419372309
"DAPK3",6.43911037531888,4.67277246932893,4.74298648385483,5.83945657307712,6.14516651379141,7.23972083773978,6.90957424361934,5.58431498030469,7.33561419372309
"SIRT6",3.39642066844677,0.90705921075679,0,4.60604068470593,0,4.20881251001496,3.33218485004581,4.97892776454238,2.97300125790583
"CHAF1A",4.72318079994974,1.45966154349926,0,6.21420627890992,6.8422584888202,5.28165616703326,4.88312957164409,6.77917348938229,0
"UHRF1",2.06234119915064,0,0,7.76519026141272,6.6769023658458,0,5.11659670062274,7.89153009709348,0
"KDM4B",0,5.09838282955846,6.05782298696737,4.40386013788609,4.26007070111535,0,0,0,5.1793999027687
"SAFB",4.96245814770599,5.17027626076525,7.15765048978403,5.78494918105097,6.06504762460837,6.14907917921512,5.8903447089995,6.36508590958399,2.780912255517
"MLLT1",1.75807992347051,3.9890232248091,5.68326531930499,5.66933783661714,6.41129479181945,3.66234102537749,4.67932411407081,0.834285950287708,6.59877476137578
"DNMT1",6.19512028348853,6.96902520301732,3.79588063492644,8.72976519456027,5.89008374943914,3.81954945185343,5.49380204111515,8.66739797471008,6.64183420703911
"KEAP1",7.08753713094353,6.53757580495658,6.56588453911187,7.78615576336719,6.57933517402951,6.85989806504348,0,7.74125814344481,0
"CARM1",5.62771449427975,2.64415968285407,5.6159214993519,1.64294184445923,4.58133335141104,4.84274379167813,4.94513275787901,4.51874170059269,5.85227499905585
"SMARCA4",6.84001895839983,0,8.02211046179576,6.94337815693368,6.37852207169761,6.17841158420416,5.82588719241979,5.11552842457896,6.93513682318931
"ASF1B",5.84260875713161,0,0,8.7079576411083,8.59318883955753,4.42001620453904,0,8.58743037524902,0
"PKN1",2.31347637875414,3.82051468109845,6.56588453911187,4.329638905314,0,0,0,0,0
"BRD4",5.760450973727,5.96035742290969,5.89692069590663,5.89197934105533,5.76887172460187,4.42001620453904,7.19122273879372,4.82802740442056,6.46130277635679
"SIN3B",4.43617049758378,4.27646705410085,7.00808355072043,4.54174470684303,6.90112995863859,6.26299177480354,6.7623523498231,4.86725781568248,3.97105330384343
"BABAM1",7.43739811779184,5.53951233634251,5.35187631308918,7.18353976391688,7.13493820812564,7.49418185681187,6.36880552575296,6.83959787463572,7.33561419372309
"GATAD2A",4.99874588290801,5.30413289665563,4.12137205243805,5.03761508897867,5.71738392977127,3.81954945185343,7.29010013545746,6.41888531813369,4.92430611074429
"TSSK6",4.32623619681367,0,0,0,0,0,0,0,0
"KMT2B",2.87838610537646,0,5.43237456005296,1.64294184445923,3.11212755778684,0,6.90957424361934,0,0
"SIRT2",3.93497491848683,5.9804951489214,6.39563259880387,7.41651555694916,2.27001571216642,5.95933533333399,0,6.93500028250581,5.75103014536539
"PAF1",5.06869284495427,6.13221310314843,5.26661968333222,6.35181845748375,5.95820564835564,6.98137074537931,0,6.66136079006011,5.80254052993488
"EID2B",0,0,0,0,0,0,0,0,2.29726343115503
"FBL",6.08128301151423,0,5.9796138381538,5.83945657307712,5.25840651377509,5.10960792425769,3.50681194739552,6.1433264206017,6.37886102321156
"EXOSC5",5.26023141449349,0,0,5.96734345125375,0,0,5.61319428587694,4.70349827627479,6.81486431112009
"ZNF541",0,0,1.11884864333125,3.78011273527587,0,0,0,0,0
"RUVBL2",7.70234904044877,4.85832983226527,7.628275098766,6.93088094288032,5.71738392977127,6.82322643216428,3.93120791089612,6.73743715527601,7.42049227692603
"PRMT1",6.41245700718223,0,7.96236394316922,6.75772353500039,6.97971151381345,6.62442936307891,4.67932411407081,6.61601680016974,6.21744109878526
"TFPT",5.16763848630326,0,3.37488463660939,3.98742461116933,3.93897398056954,4.84274379167813,5.45170319342108,5.11552842457896,5.52435589374636
"PRPF31",7.01851993004929,5.30413289665563,7.54925331580005,6.31382163346515,5.98021642185542,6.23534569763452,3.80313073493845,5.84232905469501,4.72514644042358
"SUV420H2",1.37201470237603,0,0,4.08088364944794,3.26339332779042,2.42571333789311,3.13347161369605,0.834285950287708,2.29726343115503
"AURKC",2.87838610537646,0,0,0,0,0,0,0,0
"TRIM28",4.96245814770599,4.20979513258106,2.77793079780948,6.63981725109164,5.25840651377509,6.36856452240993,6.53930437817357,7.18057835351626,5.67014289600023
"E2F6",5.19916772310487,4.06642891725039,0,3.53792971830122,4.46127061149664,4.60421242172402,2.28916177518538,2.69617646863997,0
"ATAD2B",3.02634497884694,5.48416899868957,0,0,4.02619234968349,0,0,3.14237153267426,0
"NCOA1",0,6.40974798019247,3.66872714671387,4.89048419696863,4.3303016176561,4.68818188746277,0,4.51874170059269,0.984634069889191
"DNMT3A",0,4.94286405140962,1.11884864333125,4.40386013788609,5.55088238715192,0,0,3.00840964825682,0
"ASXL2",4.32623619681367,5.5928108442737,5.64998631793611,4.89048419696863,3.74692244825783,4.76753170768432,7.15232381962698,5.14774918913529,0
"PPM1G",6.19512028348853,0,6.66915838042982,7.5694666883215,7.62163650375651,6.14907917921512,5.95204510272603,6.84942706341844,6.83973433840871
"SUPT7L",5.31881512905322,0,7.88581170851857,6.03896533855019,0.967774308989832,1.2972786894223,0,1.35949233011302,2.97300125790583
"BRE",4.84777444925032,3.90722780620045,6.08297809057871,5.40595464217754,4.02619234968349,0,0,0,0
"DPY30",6.28601999985068,0,6.47378998581924,6.99231179166451,6.86609612457203,6.84167876425836,6.25101073867492,5.99181541597399,6.77673645503361
"MTA3",3.93497491848683,0,5.68326531930499,4.72662639942142,6.3618522382298,5.81738404967788,0,4.18788140320874,7.08826845123469
"MSH6",3.59910634993852,5.53951233634251,4.74298648385483,8.56161660090284,8.44279013290358,5.43535560654455,7.22910031684199,7.24156446339196,0
"SMEK2",3.39642066844677,7.13991008439525,7.96912595140367,4.7833388332932,1.54183294072644,5.61772181193057,6.43512599704869,0,6.59877476137578
"TET3",0.843307622681109,6.18523167132738,1.74134691342348,4.54174470684303,3.74692244825783,0,0,5.24030648837628,2.780912255517
"INO80B",0,0,0,0,0,0,0,3.83900862573554,4.36290654011224
"PCGF1",5.40245818969413,0,5.02843071849316,4.16865492083614,4.69216743607206,4.84274379167813,0,3.2649443926497,0
"KDM3A",3.50132002521678,7.22677107448782,2.77793079780948,0,4.89115807823127,0,0,0,1.56443800849731
"KANSL3",5.37511246799267,4.72144678605181,6.71814913031528,6.47743987900354,6.29317729085369,5.48315343552474,1.1990640901276,3.98882215151491,0
"NPAS2",4.53831762090615,0,4.30361811528956,4.329638905314,3.11212755778684,3.96129795912948,5.98193317010962,2.86072345122316,6.05702475646257
"BUB1",0,4.94286405140962,0,0,3.93897398056954,0,0,0,0
"SAP130",4.0775144924767,1.45966154349926,5.95257270599829,4.89048419696863,3.52532104143033,5.38591976725673,5.92152472682148,4.56719593980585,0.984634069889191
"ZRANB3",0,0,0,1.64294184445923,0,0,0,0.834285950287708,0
"MBD5",0,7.21831656538477,0,3.53792971830122,0,0,0,3.00840964825682,0
"EPC2",0,2.83320060573328,4.46540285174021,0,0,0,2.62845336166009,0,3.67194278334819
"BAZ2B",4.20722869586796,2.42655883810241,7.76666892329098,4.40386013788609,3.93897398056954,3.0510663588384,3.66256571443887,0,3.4313706822122
"TLK1",5.28982061595719,9.34132350124572,5.30987769084172,5.5436484247112,4.84392395693529,4.42001620453904,0,5.01430949800056,5.39609357899015
"HAT1",6.16350149033679,6.90724887924566,5.89692069590663,7.2753698706481,6.41129479181945,5.38591976725673,1.1990640901276,8.19114046260707,4.82816022366801
"CIR1",4.32623619681367,4.27646705410085,2.77793079780948,0,4.18624518566689,4.31827581299783,5.06167557102188,4.18788140320874,2.55926093499899
"ATF2",0,5.09838282955846,5.26661968333222,5.44162959941066,5.45982316543531,1.96912187144367,2.90294840608274,1.35949233011302,0
"SF3B1",7.61153327837427,7.74519344740196,6.81140560636924,8.31465801841759,8.01187485914052,7.78858750423781,8.24907644500306,7.04173270082557,5.36216353090455
"SATB2",0,0,0,0,0,0,0,0,0.984634069889191
"TYW5",4.76591880332032,0.90705921075679,3.91272940279308,0,0,5.334729653805,0,0,0.984634069889191
"INO80D",3.02634497884694,6.0771715392537,0,5.57611217872611,4.02619234968349,4.42001620453904,4.75050662589372,0,0
"ERBB4",0,0,3.20197113167941,0,0,0,0,0,0
"BARD1",5.13540477230622,2.64415968285407,2.17479231363065,6.19343039620331,7.87759785808723,5.48315343552474,0,6.80970200314738,5.67014289600023
"SMARCAL1",4.84777444925032,0,0,3.78011273527587,4.74454679916748,0,0,5.01430949800056,0.984634069889191
"PRKAG3",0,0,0,0,0,0,0,2.86072345122316,0
"CUL3",6.14742837403328,5.71803085251162,6.33410410136927,4.329638905314,0,0,0,3.48267620502123,1.97688929324989
"SP140",2.06234119915064,2.83320060573328,0,0,0,0,0,0,0
"SP100",5.5806089704772,5.09838282955846,7.04695390036204,6.2346872158513,5.42814648695817,4.0903568110676,2.62845336166009,5.78202137350265,6.25490527055571
"NCL",7.94947214262395,1.45966154349926,7.52192069375242,9.03431600991332,8.41881433987811,8.73685313994805,9.06665301270953,8.90507806153452,7.69717047684005
"HJURP",0,4.27646705410085,2.50765345445563,2.3912288507298,6.02325544816525,0,0,5.32728200249959,0
"HDAC4",4.32623619681367,0,2.77793079780948,0,0,0,0,3.48267620502123,5.29181136256313
"ING5",3.8580506738477,2.42655883810241,7.43667133105794,5.40595464217754,6.7036082741713,5.99274334272203,4.15759259333674,3.98882215151491,0
"CSNK2A1",3.28329171821906,4.40122362969243,3.52927408359663,5.12797663188687,1.54183294072644,4.60421242172402,0,2.04680443405476,4.42995320548937
"PCNA",6.37153030178473,0,5.83903547337971,9.03139227140674,9.09480022015286,5.38591976725673,8.28548376791987,8.91447251852081,4.97007833961197
"CSRP2BP",0,0,4.67843552156071,3.98742461116933,2.53084603244413,1.96912187144367,1.1990640901276,1.35949233011302,0
"ASXL1",6.25635193816673,3.00031613723891,0,1.64294184445923,6.31065492540988,0,7.20395941455082,4.70349827627479,4.42995320548937
"DNMT3B",0.843307622681109,2.42655883810241,0,0,4.02619234968349,0,5.7925452952153,0,0.984634069889191
"NCOA6",5.73915908486025,5.13477732956764,5.83903547337971,5.47644363256108,5.79394255151046,6.20715947668661,0,4.6594796353863,5.94687827682976
"PHF20",4.92523407437831,4.57020169182154,1.74134691342348,6.21420627890992,4.3303016176561,4.60421242172402,0,5.80240533087562,5.67014289600023
"ACTR5",0,0,0,4.66759304973827,0,0,3.93120791089612,0,0
"CHD6",5.65070276859227,4.40122362969243,5.89692069590663,6.72913798160761,5.36262699582715,4.91422836497748,8.04477159794788,5.9002165776632,5.72456844515284
"L3MBTL1",0,5.02271799168463,0,5.91754064993486,0,0,0,0,0
"YWHAB",9.08167562165168,7.60305830054902,9.6206501154275,9.84590977292113,8.68316022733578,9.57344383947942,9.42590951826981,9.72689127395343,9.78131476032471
"STK4",5.40245818969413,7.9479967687118,6.63554853603788,5.69912076594448,4.02619234968349,3.66234102537749,0,4.70349827627479,4.97007833961197
"EYA2",3.02634497884694,0,4.46540285174021,5.86595696191009,6.8778688502775,0,0,0,0
"ZMYND8",6.24128593674496,9.30385609912801,6.45464399438441,5.25371897613993,3.52532104143033,5.22655541074288,3.13347161369605,3.67181591903733,5.39609357899015
"NCOA3",7.18524126945209,7.57684374824901,7.67864970844389,6.87978054880402,4.46127061149664,6.29011802151213,7.83152065976867,6.11100561109593,6.88822403365713
"ADNP",7.4829416813888,5.5928108442737,7.20424816272889,6.17235094843194,6.64969276249576,7.71041908675214,7.54159750223897,6.1433264206017,7.25470511662531
"ZNF217",6.02960453061713,6.34908501577056,4.74298648385483,5.81246028412237,4.26007070111535,6.44296457706913,6.41335617256208,4.70349827627479,4.49402188188269
"AURKA",0,0,0,1.04370148673221,0,0,0,0,0
"CTCFL",0,0,0,0,0,1.2972786894223,0,0,0
"TAF4",2.31347637875414,0,4.97568210488614,4.40386013788609,0,4.31827581299783,4.67932411407081,0,1.97688929324989
"SS18L1",4.48814791069996,4.34019345737389,0,6.49452510881543,6.29317729085369,0,5.61319428587694,4.82802740442056,5.32741623947319
"MRGBP",5.34723838785159,3.15006770888608,4.30361811528956,2.3912288507298,3.74692244825783,0,1.84471249713376,0,4.14076170350031
"ZGPAT",7.42411715873952,1.85824263088808,3.00547457322004,7.06273430905227,5.95820564835564,5.85420260742349,6.39125280868639,5.65327170953921,6.64183420703911
"USP16",5.62771449427975,2.83320060573328,7.54925331580005,7.08546475711339,6.41129479181945,6.70726325218247,0,5.80240533087562,6.32703553032119
"CHAF1B",4.00800436978356,0,6.70200302351255,7.57750660282768,7.10520031224976,3.96129795912948,0,8.04054402962566,3.87807384491537
"HLCS",4.14382894566204,0,2.77793079780948,5.40595464217754,5.49081924854795,2.77201118331505,0,6.52081547660588,5.32741623947319
"BRWD1",6.84001895839983,4.81412964080472,8.52259457030062,7.6402621275499,8.48957849847397,7.2808705824667,8.63498338832575,6.44505092326286,7.48497320278845
"HMGN1",6.1147347425471,5.56640770689325,7.96236394316922,7.69301955699562,6.95769297663799,6.39379326525253,6.7623523498231,7.36318544475149,7.59131305732643
"DNMT3L",0,0,0,0,0,0,3.13347161369605,0,0
"PRMT2",1.75807992347051,6.67983786916953,8.08571667199625,7.38020619378421,5.10658842486211,8.30310540808289,5.53470716641754,7.37003010288703,5.58444977682396
"CECR2",0,4.27646705410085,0,0,0,0,0,0,0
"HIRA",0,3.90722780620045,4.8047724936185,1.64294184445923,4.89115807823127,5.74080216804716,5.36363056944324,0,0
"SMARCB1",4.72318079994974,4.67277246932893,5.68326531930499,5.78494918105097,6.49011037917301,4.42001620453904,5.85847590428641,6.11100561109593,6.23629479082177
"CBX6",2.06234119915064,3.62968872200817,6.10770209110576,4.89048419696863,3.11212755778684,3.96129795912948,0,4.05827207503453,1.56443800849731
"APOBEC3A",4.38225022710986,0,0,0,0,0,0,0,0
"APOBEC3B",0,0,0,0,4.63781447643797,0,0,0,0
"APOBEC3C",0.843307622681109,6.34908501577056,0,0,0,0,0,0,0
"APOBEC3D",0,0,0,0,0,0,0,0,0.984634069889191
"APOBEC3F",0.843307622681109,4.90121600996669,0,0,2.53084603244413,1.96912187144367,0,0,0
"APOBEC3G",0.843307622681109,0,0,0,0,0,0,0,0
"CBX7",0,0,0,0,0,0,0,4.18788140320874,3.87807384491537
"RBX1",6.0119586493746,7.13991008439525,6.88476379033097,6.82680349925471,6.6903171136774,6.08856223600574,6.47770425905735,7.5252545491315,6.77673645503361
"EP300",4.20722869586796,7.791522551681,6.10770209110576,2.06506563084475,5.0659992944453,2.77201118331505,4.60444634799238,4.41665960727428,0
"L3MBTL2",5.28982061595719,3.72825448429138,4.8047724936185,5.03761508897867,6.10566316486921,0,4.94513275787901,5.14774918913529,5.0574838095014
"BRD1",4.72318079994974,4.72144678605181,4.53996409494537,0,3.84614159452782,0,7.09877131106598,0,3.5566654148697
"HDAC10",0.843307622681109,1.85824263088808,3.66872714671387,1.04370148673221,0,0,0,2.04680443405476,0
"SETMAR",0,0,0,3.98742461116933,6.10566316486921,0,5.72345679224892,5.40931084478543,0
"SETD5",5.19916772310487,5.56640770689325,7.54925331580005,5.72830127327416,6.23943689791442,3.0510663588384,2.90294840608274,2.51041665824996,5.21785185108739
"BRPF1",0,0,2.50765345445563,6.29444123415115,0,0,5.31749237339421,5.74036854546079,5.72456844515284
"TADA3",1.37201470237603,5.02271799168463,1.11884864333125,5.2130105354435,5.71738392977127,5.52941832979741,0,2.04680443405476,4.92430611074429
"HDAC11",5.13540477230622,0,5.43237456005296,1.64294184445923,5.45982316543531,0,0,0,0
"SATB1",4.80742708924121,3.15006770888608,1.11884864333125,2.06506563084475,0,0,0,0,0
"KAT2B",3.59910634993852,0,0,0,0,0,0,0,3.14249360790892
"UBE2E1",4.00800436978356,5.06104640175957,6.49268521522185,5.12797663188687,4.89115807823127,4.42001620453904,6.14931969745784,5.60766869311086,6.81486431112009
"TOP2B",4.00800436978356,6.11409824349746,5.9250150315881,5.66933783661714,5.63653382102523,6.78559828256756,6.84598926291663,4.51874170059269,7.02461994833584
"SS18L2",3.50132002521678,0,5.6159214993519,5.36937509888177,4.46127061149664,1.96912187144367,6.61754844336872,5.51189614406221,3.97105330384343
"EXOSC7",0.843307622681109,0,4.92093143555958,3.39966198476817,2.94312368104972,5.16926634021923,2.28916177518538,3.2649443926497,0
"SETD2",6.1147347425471,6.01994645401173,6.13200951624057,6.49452510881543,6.50536967219064,0,4.15759259333674,0.834285950287708,5.0574838095014
"ELP6",0,3.72825448429138,0,6.63981725109164,5.14606679016331,6.39379326525253,0,5.56057699896791,6.52402376898035
"SMARCC1",5.37511246799267,0.90705921075679,1.11884864333125,6.27479693979256,4.18624518566689,0,0,5.11552842457896,0
"MST1",0,0,1.11884864333125,2.3912288507298,0,0,0,0.834285950287708,0
"HYAL2",6.425845242021,0,5.86826838111614,5.25371897613993,6.56484233684997,0,1.84471249713376,5.60766869311086,0
"RASSF1",7.84869745572531,2.17020601574214,0,5.47644363256108,6.59368386777766,0,7.77289084735724,0,6.94663047947944
"MAPKAPK3",2.52730886067184,6.26948328924965,0,0,0,5.16926634021923,0,0,0
"RAD54L2",5.65070276859227,0,5.50861761753484,0,0,5.04737569467284,0,6.17493898244673,5.21785185108739
"PARP3",0,0,3.37488463660939,0,3.93897398056954,0,0,0,3.14249360790892
"WDR82",5.48151647811306,0,3.00547457322004,5.91754064993486,0,2.42571333789311,0,6.12725652465806,0
"BAP1",1.37201470237603,5.71803085251162,5.26661968333222,0,5.74335750603981,0,5.06167557102188,4.30680063087715,5.25530549513003
"PBRM1",3.8580506738477,4.45977649219037,6.89899820428392,5.96734345125375,5.79394255151046,1.96912187144367,1.1990640901276,3.98882215151491,4.77757258261982
"SFMBT1",0,0.90705921075679,7.00808355072043,6.17235094843194,3.40029330649624,0,4.04883618003845,6.8688867928812,6.09883181420956
"PRKCD",0.843307622681109,9.57613640054081,4.8047724936185,0,0,0,0,4.36277556523011,0
"ACTR8",2.52730886067184,0,5.80919795563234,2.88148064607876,0,2.42571333789311,0,2.86072345122316,0
"FHIT",0,1.85824263088808,5.47099968859473,0,0,2.77201118331505,0,0,0.984634069889191
"ATXN7",6.19512028348853,6.49621231817175,3.20197113167941,2.3912288507298,0.967774308989832,3.81954945185343,6.01121459788637,0,4.87703395333824
"FOXP1",8.10736858176117,7.83087491398814,7.48465254351745,8.2557527162262,6.66336171074374,5.16926634021923,4.04883618003845,6.56920127036416,4.14076170350031
"RYBP",0.843307622681109,6.15010332553132,4.02081918446073,3.66409713278708,2.7516620427869,4.51505197721073,0,5.43564909518598,5.46164965689992
"PPP4R2",1.37201470237603,3.62968872200817,5.30987769084172,3.24672430706797,3.40029330649624,2.42571333789311,0,3.91585914794893,5.87651372633266
"MINA",6.04703718705114,0,7.8714459401265,5.78494918105097,6.74276249162383,7.80748531183827,0,6.11100561109593,5.85227499905585
"DZIP3",0,0,5.68326531930499,2.06506563084475,0,0,0,0,0.984634069889191
"DTX3L",7.0360862267082,1.45966154349926,5.0793185433476,5.03761508897867,6.3618522382298,7.65932175841635,3.33218485004581,7.96570259143742,5.25530549513003
"RUVBL1",6.21067355591978,0,6.35490653233578,6.67020943939343,6.6769023658458,8.30974808923206,0,6.67247755317429,5.01444290431185
"MBD4",5.92033887756361,2.64415968285407,6.63554853603788,5.86595696191009,6.81802035740046,3.81954945185343,0,6.07794409006704,5.0992777575283
"MSL2",3.50132002521678,6.01994645401173,5.6159214993519,5.25371897613993,6.52046925640017,1.96912187144367,5.98193317010962,3.14237153267426,7.3955490320831
"ATR",6.21067355591978,3.40971822989597,5.02843071849316,5.86595696191009,0,6.39379326525253,0,5.51189614406221,7.53151037162477
"HLTF",8.48531201637098,3.62968872200817,7.27143872573267,8.56566409184878,8.04879518798399,8.84598966930288,6.9704746967964,8.01457044204019,6.88822403365713
"PHC3",7.55781968429256,0,6.22533970255541,6.74350155640003,7.79928461847908,6.20715947668661,4.25872208316143,6.69445735095687,6.27327873302504
"TBL1XR1",5.28982061595719,6.90724887924566,8.34162599327936,4.25139118580583,4.52255059110667,6.98137074537931,0,4.51874170059269,5.01444290431185
"ACTL6A",7.74569938844057,0,7.42688058148238,7.91864132439553,7.29277085982402,6.85989806504348,5.57448440341547,6.67247755317429,6.58413120368082
"SOX2",0,0,0,1.64294184445923,0,0,0,0,0
"YEATS2",4.84777444925032,3.15006770888608,5.9250150315881,6.06207037401061,2.94312368104972,4.98233751746731,3.13347161369605,4.70349827627479,6.15935502675774
"RNF168",6.04703718705114,0,0,7.36170297700713,6.45909889746037,4.0903568110676,6.49853124786075,4.36277556523011,5.13989497101275
"PAK2",6.50366594796398,2.64415968285407,6.56588453911187,6.3329451340126,6.90112995863859,6.82322643216428,3.80313073493845,6.06112479892699,3.77868666613505
"PCGF3",6.28601999985068,4.40122362969243,7.35641925855784,5.03761508897867,6.20246460178158,6.34288673448666,5.11659670062274,6.29488649055664,6.98057204816726
"CTBP1",6.1147347425471,4.20979513258106,0,5.12797663188687,5.45982316543531,4.91422836497748,0,4.86725781568248,4.42995320548937
"WHSC1",0,5.20492264168505,4.86402071962576,5.78494918105097,6.04430286124211,3.48588283494556,2.90294840608274,3.67181591903733,3.77868666613505
"TADA2B",0.843307622681109,0,0,0,3.52532104143033,0,5.65089260138538,0,0
"PPARGC1A",0,1.45966154349926,0,0,0,0,0,0,0
"USP46",0,0,4.46540285174021,5.63892708641068,0,0,0,0,5.69761230526735
"CLOCK",4.72318079994974,0,5.6159214993519,5.57611217872611,1.54183294072644,2.42571333789311,4.35322463387412,5.14774918913529,0
"REST",5.92033887756361,6.70426140227113,8.13465667197712,3.24672430706797,4.3972717881004,4.60421242172402,5.26982976624249,0,5.80254052993488
"CENPC",4.32623619681367,0,3.91272940279308,5.57611217872611,2.27001571216642,0,4.25872208316143,3.48267620502123,0
"FAM175A",2.52730886067184,3.90722780620045,4.92093143555958,2.3912288507298,0,3.48588283494556,2.90294840608274,2.29715377441278,3.4313706822122
"SMARCAD1",5.19916772310487,1.45966154349926,3.00547457322004,4.99021931261378,0,5.70093079746821,0,5.84232905469501,0
"UBE2D3",7.46359878923254,7.73929628468036,8.92857872085651,6.91827452620483,6.04430286124211,8.21384630167091,8.05886247855877,7.54957596432312,6.58413120368082
"TET2",4.43617049758378,8.24710070324319,4.38677712657543,1.64294184445923,4.18624518566689,3.96129795912948,3.50681194739552,0,0
"PRDM5",0,0,5.30987769084172,3.39966198476817,0,0,0,0,4.29259149209961
"EXOSC9",0,1.45966154349926,5.80919795563234,6.57704194452976,5.0242350797843,0,0,7.15702710948739,0.984634069889191
"JADE1",4.96245814770599,0,7.72732457020758,5.66933783661714,3.84614159452782,5.43535560654455,4.44191560566814,0,2.55926093499899
"SETD7",0.843307622681109,0,7.35641925855784,3.53792971830122,6.23943689791442,0,0,4.61407554130658,5.01444290431185
"SMARCA5",4.72318079994974,4.85832983226527,6.31299732333055,6.29444123415115,5.42814648695817,1.96912187144367,4.52546856046124,5.93755685219747,7.02461994833584
"PRMT9",0,0,6.00615743648722,0,0,0,0,0,0
"SAP30",1.75807992347051,0,0,4.66759304973827,0,0,0,2.04680443405476,0
"ING2",5.06869284495427,4.76853236192594,3.00547457322004,3.39966198476817,4.98122570813193,4.31827581299783,0,0,7.01373341081071
"BRD9",4.72318079994974,4.81412964080472,2.50765345445563,5.69912076594448,3.11212755778684,3.28479423456461,1.84471249713376,6.20587367194359,3.4313706822122
"NIPBL",4.99874588290801,5.71803085251162,5.9796138381538,5.36937509888177,5.39575865253258,3.81954945185343,7.37138605953744,4.24856596241825,4.36290654011224
"PRKAA1",4.26795921041992,5.61873944262153,4.21537091401379,6.06207037401061,1.54183294072644,4.76753170768432,3.33218485004581,0.834285950287708,5.0574838095014
"CDK7",3.8580506738477,0,0,0,0,0,0,3.2649443926497,2.780912255517
"TAF9",5.93913422144651,0,6.31299732333055,6.47743987900354,5.69093415152687,5.52941832979741,6.41335617256208,4.30680063087715,6.23629479082177
"ANKRD32",2.06234119915064,4.51604533994688,5.43237456005296,5.33184389944241,5.42814648695817,0,0,6.20587367194359,0
"CHD1",3.39642066844677,3.15006770888608,6.43524049547988,4.66759304973827,6.72982879750217,5.57424556775266,7.19122273879372,0,5.67014289600023
"APC",1.75807992347051,4.98334344580881,7.20424816272889,5.66933783661714,2.27001571216642,6.41858839898004,4.44191560566814,0.834285950287708,0
"PRDM6",0,1.45966154349926,0,4.54174470684303,2.27001571216642,4.68818188746277,0,4.18788140320874,0
"SKP1",7.55781968429256,6.55110422610448,8.93550056766606,8.28550598470225,7.31025338909534,8.89098108767901,7.69382970775077,7.9383328335726,7.24542859444198
"PPP2CA",9.00792645290846,7.76854396171838,8.92510530371977,8.02829265080091,9.29466336239022,7.65932175841635,6.82964528044503,7.92445074475953,8.74066364949399
"UBE2B",6.06426171023709,6.31776937803914,6.73411653402447,6.57704194452976,6.34498753687972,5.04737569467284,3.66256571443887,6.11100561109593,6.65590642024267
"JADE2",6.25635193816673,5.13477732956764,1.74134691342348,3.98742461116933,5.25840651377509,0,6.55926680951409,4.46860335515537,3.87807384491537
"BRD8",6.39894336459901,4.94286405140962,5.02843071849316,6.60877100990403,6.50536967219064,3.28479423456461,1.1990640901276,7.06722610174622,4.55536590162407
"KDM3B",6.52870050169822,0,7.12168716846558,6.75772353500039,5.74335750603981,6.05732440920019,1.1990640901276,0,4.36290654011224
"DND1",3.28329171821906,0,4.30361811528956,4.16865492083614,0,1.2972786894223,0,3.2649443926497,1.97688929324989
"TAF7",6.87947726346346,7.63517052661353,8.86474062693579,8.02241469707679,6.83019032438267,5.92513532960147,8.05183424148422,6.07794409006704,6.85201040650675
"PCDHGB7",0,0,2.50765345445563,0,0,0,0,0,5.25530549513003
"HDAC3",6.84001895839983,7.60305830054902,7.48465254351745,7.10784262250677,7.25715711226461,5.43535560654455,6.57895678824126,6.90703607872363,7.05679517515652
"SAP30L",0,0,7.32513521616239,0,5.14606679016331,2.77201118331505,0,0,0
"NPM1",6.78912826856055,0,8.49942594766715,8.12471910594019,7.99034541083887,7.58460159570484,7.54159750223897,7.77259084509794,6.61327117715988
"UIMC1",4.53831762090615,8.4664367338839,6.51133616640643,5.5436484247112,4.93689464572783,1.2972786894223,4.35322463387412,6.44505092326286,3.77868666613505
"NSD1",7.00073710650713,6.61690645630478,6.78098502119,6.91827452620483,5.71738392977127,4.91422836497748,6.95548889509227,5.01430949800056,5.90035193841243
"CDYL",5.78143319280547,7.48114947275481,6.31299732333055,3.66409713278708,5.14606679016331,0,0,4.90544963553196,3.77868666613505
"JARID2",3.39642066844677,8.55638732696054,6.15591417147655,6.21420627890992,5.79394255151046,6.08856223600574,1.1990640901276,4.94265644026023,3.77868666613505
"KDM1B",0,1.85824263088808,5.89692069590663,5.29331020148131,0,0,1.1990640901276,3.91585914794893,0
"DEK",7.36973587774811,1.45966154349926,8.26676215961938,8.67461549649247,7.85395106964609,7.35980797470845,7.3937935370556,8.28828376858324,7.85797773325425
"HMGN4",0,0,7.19273908285515,3.24672430706797,0,0,0,5.3824828001258,0
"TRIM27",8.08644498705639,3.00031613723891,5.50861761753484,7.26545045131479,6.37852207169761,7.18296255828034,6.25101073867492,7.16492031930386,5.49334343659868
"MDC1",5.45564211355251,0.90705921075679,1.74134691342348,4.60604068470593,0,0,0,0,3.14249360790892
"HSPA1A",5.82250375999043,3.40971822989597,3.91272940279308,6.63981725109164,4.74454679916748,6.44296457706913,5.0045806549332,6.28042720134638,4.42995320548937
"HSPA1B",5.5806089704772,0,5.64998631793611,5.0835032062234,5.79394255151046,5.38591976725673,4.44191560566814,3.83900862573554,1.97688929324989
"EHMT2",3.50132002521678,0,7.1094973775405,4.54174470684303,3.11212755778684,6.17841158420416,6.01121459788637,3.14237153267426,2.29726343115503
"BRD2",7.04478981280954,7.09443633562641,8.687478169262,6.54459934244938,7.41092031482943,6.78559828256756,9.35630437722009,7.07562476742775,7.00276409875954
"RING1",2.52730886067184,1.85824263088808,5.30987769084172,3.24672430706797,0.967774308989832,3.28479423456461,1.1990640901276,2.29715377441278,3.29415048675952
"DAXX",6.76825847816225,4.27646705410085,6.52974907492083,6.56091183568748,7.30153860588429,6.66644072560514,7.42676541762017,6.70532293681294,5.13989497101275
"PHF1",4.72318079994974,3.00031613723891,3.79588063492644,5.99161463580692,0,5.52941832979741,0,4.787700331834,0
"BRPF3",4.38225022710986,0,6.71814913031528,4.94121343318483,5.58000154070818,0,0,0,0
"SRSF3",7.79296046941266,7.54339117731003,6.71814913031528,8.47388573236551,8.00652254260627,6.20715947668661,6.36880552575296,7.61441990491605,8.0299156112172
"RNF8",3.59910634993852,6.01994645401173,0,6.2346872158513,5.66399038320728,3.96129795912948,0,5.76134527692405,5.13989497101275
"APOBEC2",0,0,4.74298648385483,0,0,0,0,0,0
"FOXP4",4.72318079994974,0,2.50765345445563,1.64294184445923,4.93689464572783,3.66234102537749,4.15759259333674,6.12725652465806,1.97688929324989
"USP49",0,5.20492264168505,5.30987769084172,3.88748925225091,5.79394255151046,0,0,5.65327170953921,0
"TAF8",2.06234119915064,0,0,5.25371897613993,3.11212755778684,1.96912187144367,5.06167557102188,3.83900862573554,0
"UBR2",6.68162259073832,7.35571018437056,4.61086050056151,3.78011273527587,3.74692244825783,5.57424556775266,7.77289084735724,6.00945741586172,6.42888918323942
"SUPT3H",0,0,2.17479231363065,3.98742461116933,0,0,4.44191560566814,0,2.780912255517
"PHIP",7.12905420321329,6.30185290900569,5.58103285319381,7.3047253654145,8.77100857169496,8.07257401349754,6.47770425905735,7.48167979787504,8.72406250926499
"HMGN3",4.67913798597168,2.83320060573328,7.76666892329098,6.72913798160761,6.47468796270751,6.41858839898004,4.52546856046124,1.35949233011302,6.72427936065717
"TTK",4.48814791069996,2.42655883810241,0,3.39966198476817,8.05399322885874,5.22655541074288,0,5.80240533087562,0
"SYNCRIP",7.00965591724354,0,6.85586657152739,7.34295936154136,6.79336804257768,6.87789014701507,7.65725096293959,7.14909047700656,6.68364563652076
"MAP3K7",5.84260875713161,5.51210603001052,6.60113698341691,4.94121343318483,0,6.36856452240993,4.67932411407081,6.1433264206017,6.69731776801754
"PRDM1",0,0,0,4.7833388332932,0,2.42571333789311,0,0,0
"HDAC2",6.9917628160942,5.56640770689325,8.21080494873411,7.46065375557373,6.45909889746037,5.74080216804716,7.38263330108018,7.93372029673408,7.4122256864478
"ASF1A",6.60129865112,4.94286405140962,5.68326531930499,4.72662639942142,5.0659992944453,5.85420260742349,0,5.08257157937645,4.55536590162407
"L3MBTL3",0,0,0,1.64294184445923,0,0,0,0,1.56443800849731
"SHPRH",3.02634497884694,0.90705921075679,5.54527954273669,4.40386013788609,0.967774308989832,0,6.51906184838019,2.69617646863997,0
"ESR1",0,0,1.11884864333125,0,0,0,0,0,0
"ARID1B",5.95768784644829,6.65499373697441,4.8047724936185,5.63892708641068,4.93689464572783,3.48588283494556,5.57448440341547,2.69617646863997,4.61420758579265
"PHF10",2.87838610537646,0,6.10770209110576,4.60604068470593,5.86664239501414,2.77201118331505,1.84471249713376,0,5.42924394452343
"ACTB",12.0185102614009,13.8607208275947,11.5294880632876,11.9498946883418,11.7042560524375,11.9921135317227,10.5157774876325,11.7296108841434,11.3359831274391
"PHF14",3.16053114209887,3.40971822989597,3.52927408359663,4.40386013788609,5.29398980957923,1.2972786894223,1.84471249713376,3.14237153267426,0
"HDAC9",0,4.98334344580881,0,5.40595464217754,0,0,0,0,0
"CBX3",6.98273235145672,5.89820069135955,7.35641925855784,6.91827452620483,7.04381989470065,6.7469623786257,5.16950351668004,6.74798497806569,5.92380265647105
"IKZF1",1.37201470237603,0,0,0,0,0,0,0,0
"BAZ1B",6.90837852656082,0,6.52974907492083,6.69997456511749,4.46127061149664,5.52941832979741,6.29928879080895,5.65327170953921,4.36290654011224
"GTF2I",6.3006283346297,3.9890232248091,7.05968138764098,7.68559987493833,6.60789125713579,7.39771395907295,6.51906184838019,7.40377460280599,7.38713785396181
"GATAD1",3.93497491848683,0.90705921075679,5.9796138381538,0,0,5.10960792425769,0,0,4.14076170350031
"TRRAP",3.8580506738477,4.76853236192594,6.24775846046066,6.10719912990423,5.71738392977127,1.2972786894223,7.11234694995822,4.94265644026023,4.42995320548937
"TAF6",5.28982061595719,4.34019345737389,3.52927408359663,6.54459934244938,3.40029330649624,0,6.0956534582206,5.65327170953921,1.56443800849731
"ZCWPW1",0,2.17020601574214,6.10770209110576,0,0,0,3.13347161369605,0,0
"SAP25",0,0,0,2.3912288507298,0,0,0,0,0
"ZNHIT1",4.14382894566204,0,5.89692069590663,6.29444123415115,0,5.65992611751704,5.408338851485,3.37791392241941,5.80254052993488
"LRWD1",0,0,0,4.25139118580583,3.93897398056954,0,0,0,0
"DNAJC2",6.64774413645781,0.90705921075679,6.61844535650377,5.47644363256108,5.10658842486211,4.42001620453904,0,0.834285950287708,0
"KMT2E",6.1147347425471,8.61553018663103,7.67864970844389,5.81246028412237,5.98021642185542,4.91422836497748,5.98193317010962,3.58034341110739,7.13924457976022
"FOXP2",0,0.90705921075679,6.76553075492061,0,0,0,0,0.834285950287708,0
"ING3",4.26795921041992,5.06104640175957,7.39710324059447,4.54174470684303,0,5.61772181193057,2.28916177518538,5.32728200249959,6.41240513866239
"UBE2H",5.55646659818827,8.28807251759983,6.17942918719837,2.3912288507298,6.74276249162383,6.60295582849278,7.02890814852868,5.58431498030469,4.42995320548937
"TRIM24",6.74708235196703,6.86454433784982,0,5.60786147551581,5.89008374943914,5.43535560654455,0,4.746213517374,5.64214029109355
"KDM7A",5.37511246799267,5.61873944262153,1.74134691342348,0,0,7.16841709084902,0,0,6.30933822931327
"CUL1",6.46528024920164,5.91921856025454,6.17942918719837,6.51141037126527,5.98021642185542,0,7.1654070082045,6.26582152675827,1.56443800849731
"EZH2",6.57750288436416,0.90705921075679,7.61108495770596,8.25073362985778,8.80223383215445,5.74080216804716,6.32283519148033,8.01893197669972,2.780912255517
"CDK5",0,0,5.6159214993519,4.54174470684303,4.52255059110667,3.66234102537749,0,4.70349827627479,5.21785185108739
"SMARCD3",0.843307622681109,0,0,2.06506563084475,0,0,0,0,0
"PRKAG2",4.76591880332032,5.5928108442737,5.54527954273669,5.2130105354435,4.98122570813193,1.2972786894223,0,5.9002165776632,6.83973433840871
"KMT2C",7.75633645887927,9.56117128445804,6.41557246777729,7.57750660282768,7.68331527877073,7.73036182690599,7.46958750515112,6.8297012592123,8.0777403224312
"ACTR3B",0,7.65410027884157,3.20197113167941,4.47444907343756,0,1.2972786894223,0,4.61407554130658,0
"PAXIP1",0,0,0,7.2852215533142,0,0,6.47770425905735,0,5.0574838095014
"NPM2",0,0,5.64998631793611,1.64294184445923,0,0,0,0,0
"HR",4.5868011524303,0,4.97568210488614,5.99161463580692,4.84392395693529,0,1.1990640901276,4.12453173578938,2.97300125790583
"PBK",5.34723838785159,1.45966154349926,0,2.06506563084475,6.88954628488722,0,0,0,0
"ELP3",4.80742708924121,0,4.21537091401379,6.27479693979256,0,0,0,6.62748710526465,5.1793999027687
"ASH2L",5.5806089704772,4.13989214991377,4.67843552156071,3.07563022327984,6.88954628488722,0,0,6.25106647245017,0.984634069889191
"WHSC1L1",0,6.36449156363038,6.96813685541799,6.31382163346515,5.63653382102523,4.76753170768432,6.89393879113824,5.9002165776632,5.96959061030686
"KAT6A",0,8.24293879076554,4.8047724936185,3.07563022327984,2.7516620427869,0,0,0,4.77757258261982
"PRKDC",6.52870050169822,3.28572646127337,6.39563259880387,7.25546235739529,6.86609612457203,6.26299177480354,0,7.87718798960856,7.27308111216812
"CHD7",2.87838610537646,4.62239844342634,3.00547457322004,4.40386013788609,3.74692244825783,0,5.22053856246496,4.24856596241825,5.21785185108739
"NCOA2",3.39642066844677,6.25302198880018,5.86826838111614,6.42493557335843,6.08549831888339,4.98233751746731,3.33218485004581,6.55725610596852,6.15935502675774
"NBN",4.26795921041992,3.72825448429138,6.60113698341691,6.47743987900354,0,0,0,4.05827207503453,0
"PDP1",4.80742708924121,0,0,0,3.52532104143033,0,7.2415083613192,0,1.56443800849731
"RAD54B",0,0,2.50765345445563,2.88148064607876,4.58133335141104,0,0,6.1592192872237,0
"YWHAZ",9.23784704876557,10.1443818440485,9.13208772294134,8.73336795250108,8.57883519695671,9.2290437374031,8.80763780554094,8.57859350243787,8.824038550254
"UBR5",5.34723838785159,5.61873944262153,6.10770209110576,6.38884017121826,6.74276249162383,3.81954945185343,4.44191560566814,6.0441071091294,5.64214029109355
"ENY2",4.38225022710986,4.85832983226527,6.00615743648722,7.00429019354587,6.20246460178158,6.84167876425836,6.20106101789824,5.9002165776632,5.64214029109355
"TAF2",5.06869284495427,4.85832983226527,4.12137205243805,5.60786147551581,3.74692244825783,0,3.13347161369605,5.97395500727885,3.5566654148697
"ZHX1",5.19916772310487,3.15006770888608,3.37488463660939,6.06207037401061,0,0,0,6.00945741586172,0
"ATAD2",6.82998342036757,0,3.20197113167941,8.54531211965801,8.89494813683942,0,7.27810476308801,8.49652707061417,0
"PHF20L1",1.37201470237603,8.17466158797735,6.43524049547988,5.83945657307712,5.63653382102523,5.04737569467284,0,5.7190823073656,0
"CHRAC1",1.75807992347051,3.40971822989597,5.86826838111614,6.08481120310637,0,1.2972786894223,0,2.86072345122316,3.5566654148697
"EXOSC4",6.14742837403328,5.83324497049942,5.22202442078976,5.96734345125375,5.66399038320728,4.84274379167813,0,1.35949233011302,0
"TONSL",6.19512028348853,0,4.74298648385483,6.62437764177939,7.55720258110928,0,0,6.39223637793123,0
"SMARCA2",5.93913422144651,8.08450397348216,1.74134691342348,5.44162959941066,6.6769023658458,6.51371523782092,4.35322463387412,6.20587367194359,7.3002135594725
"JAK2",4.76591880332032,8.77391181499959,3.66872714671387,4.47444907343756,4.10843716652605,3.48588283494556,0,5.17926603625191,5.49334343659868
"UHRF2",3.69068333213451,6.87533956396538,5.26661968333222,7.36170297700713,7.42703581879121,5.52941832979741,6.03991352294982,5.58431498030469,0
"KDM4C",5.60435397950546,5.64421025882745,6.56588453911187,3.24672430706797,1.54183294072644,0,5.95204510272603,0,5.87651372633266
"PSIP1",5.28982061595719,6.11409824349746,6.74990914710401,7.70774541635739,4.79509088348968,3.96129795912948,0,6.87851910395891,4.21867300501996
"TAF1L",0,0,0,0,1.95138744474997,0,0,0,0
"EXOSC3",4.38225022710986,0,5.35187631308918,5.86595696191009,6.04430286124211,0,4.88312957164409,7.28566966384159,0
"TLE4",6.35762593193181,6.48215668376239,5.35187631308918,0,4.52255059110667,0,0,0,0
"TLE1",6.91788503633892,4.20979513258106,6.60113698341691,6.49452510881543,7.70990382509632,7.06227315709054,8.21172652180619,6.02688628416634,6.87625354246645
"RMI1",5.31881512905322,3.82051468109845,0,6.17235094843194,6.63589306676056,3.96129795912948,3.50681194739552,6.33741467308529,5.1793999027687
"GADD45G",0.843307622681109,4.34019345737389,3.91272940279308,0,0,0,0,0,4.29259149209961
"PHF2",4.5868011524303,0,0,3.88748925225091,4.58133335141104,3.0510663588384,1.1990640901276,5.17926603625191,2.55926093499899
"TDRD7",0,0,0,2.88148064607876,0,3.66234102537749,0,0,5.29181136256313
"ANP32B",5.26023141449349,6.33351216374529,7.8714459401265,7.63256535710621,7.04381989470065,6.80453503033835,6.43512599704869,7.74125814344481,5.64214029109355
"TEX10",4.67913798597168,5.20492264168505,0,4.94121343318483,5.49081924854795,4.68818188746277,5.408338851485,0,6.13946140942462
"RNF20",0,3.00031613723891,0,5.99161463580692,5.86664239501414,7.10872280945509,6.0680526697145,5.40931084478543,5.72456844515284
"IKBKAP",4.67913798597168,0,7.08480438901127,6.03896533855019,7.0748365126806,3.96129795912948,4.88312957164409,5.32728200249959,0
"POLE3",7.12905420321329,0,8.1406590705865,7.37098424920843,6.20246460178158,0,8.06585664277689,7.36318544475149,5.52435589374636
"PHF19",5.48151647811306,0,0,7.18353976391688,8.1876963578819,0,0,5.17926603625191,4.29259149209961
"CRB2",2.52730886067184,0,0,1.04370148673221,0,0,0,1.74369722987071,0
"NEK6",7.12905420321329,6.55110422610448,0,7.17296603349859,3.40029330649624,7.3339724514435,0,5.65327170953921,5.99195091851952
"CDK9",5.06869284495427,4.94286405140962,5.43237456005296,1.64294184445923,5.14606679016331,4.91422836497748,3.80313073493845,3.14237153267426,0
"SET",7.26189273990235,5.69384127087612,8.64165509378169,7.97450848633649,7.65622749628798,7.12387953165286,8.05183424148422,6.68350931008344,6.78955802822116
"EXOSC2",5.78143319280547,4.62239844342634,7.12168716846558,6.52810029313185,5.91315030326242,0,0,2.69617646863997,5.64214029109355
"GTF3C4",0,3.82051468109845,5.30987769084172,0,0,0,0,0,0
"GFI1B",0,10.3984366492412,0,0,0,0,0,0,0
"BRD3",4.80742708924121,7.92739697843658,6.17942918719837,5.57611217872611,6.93533317550634,7.18296255828034,4.88312957164409,6.28042720134638,5.75103014536539
"WDR5",7.12905420321329,0,6.81140560636924,7.6402621275499,7.08502895039423,7.44675406602321,6.22625204056702,7.14110994145787,2.29726343115503
"EHMT1",6.84998517014023,4.62239844342634,6.43524049547988,6.87978054880402,6.14516651379141,6.51371523782092,2.62845336166009,4.82802740442056,5.13989497101275
"MSL3",2.31347637875414,4.13989214991377,1.11884864333125,4.60604068470593,0,4.0903568110676,0,5.08257157937645,5.99195091851952
"RBBP7",8.33375615328147,4.20979513258106,7.92111248588711,9.24836344109603,8.65606950597216,7.15372347895468,8.22428424234612,8.68945470784284,7.05679517515652
"SCML2",0,0,1.74134691342348,5.89197934105533,5.0242350797843,1.2972786894223,4.04883618003845,5.08257157937645,0
"RPS6KA3",3.69068333213451,5.42661764758953,5.715793942402,0,3.93897398056954,0,1.84471249713376,5.2988688128942,4.36290654011224
"BCOR",2.52730886067184,0,0,4.54174470684303,6.95769297663799,0,6.7623523498231,0,3.67194278334819
"KDM6A",6.41245700718223,3.82051468109845,5.80919795563234,2.65707978202499,4.02619234968349,5.77960119407752,4.44191560566814,5.04884423429105,0.984634069889191
"JADE3",5.16763848630326,0,5.22202442078976,3.24672430706797,0,0,1.84471249713376,0.834285950287708,0
"USP11",6.14742837403328,0,4.02081918446073,6.95576804405586,6.62196009808614,0,6.74502697919905,3.14237153267426,0
"SUV39H1",4.26795921041992,5.93993462242205,6.05782298696737,5.40595464217754,4.89115807823127,6.7469623786257,0,2.29715377441278,0
"HDAC6",5.73915908486025,4.20979513258106,8.39281736544452,6.27479693979256,5.89008374943914,5.28165616703326,2.90294840608274,6.32337744801335,2.780912255517
"FOXP3",1.37201470237603,0,0,3.07563022327984,1.54183294072644,1.96912187144367,0,2.29715377441278,4.87703395333824
"KDM5C",6.89880895874286,1.45966154349926,5.35187631308918,2.3912288507298,5.91315030326242,5.65992611751704,6.03991352294982,0,0
"HUWE1",7.66895945648468,1.45966154349926,7.58490948781544,8.05732847050737,8.099951562098,7.88069431073257,7.2415083613192,6.22109577930349,4.72514644042358
"PHF8",6.63627219076897,0,6.45464399438441,5.66933783661714,2.53084603244413,5.89010486662563,3.50681194739552,0,6.53928702917681
"LAS1L",3.8580506738477,0.90705921075679,6.37541326861985,5.36937509888177,7.02276538279343,4.42001620453904,5.53470716641754,4.787700331834,0
"ZMYM3",5.48151647811306,0.90705921075679,0,5.91754064993486,0,0,0,3.98882215151491,5.52435589374636
"TAF1",1.75807992347051,2.17020601574214,5.50861761753484,1.04370148673221,5.36262699582715,1.96912187144367,2.90294840608274,3.2649443926497,0.984634069889191
"OGT",6.14742837403328,7.58344217759145,9.02907310426216,8.24569702128383,8.2479049442421,7.16841709084902,8.59202463157492,7.79819144363111,7.67661126869154
"HDAC8",4.14382894566204,5.13477732956764,4.38677712657543,5.25371897613993,5.25840651377509,6.17841158420416,0,0,6.77673645503361
"RLIM",5.71754824847471,5.64421025882745,7.92807016102495,4.7833388332932,5.36262699582715,4.42001620453904,1.84471249713376,5.63065038047542,6.25490527055571
"ATRX",6.46528024920164,5.17027626076525,7.42688058148238,6.8535351809361,3.40029330649624,5.48315343552474,7.33710846541797,6.60445456779054,6.99171074379914
"TAF9B",3.59910634993852,0,2.50765345445563,4.25139118580583,6.99059603298573,7.04645155152984,0,4.94265644026023,5.0574838095014
"BRWD3",0,3.82051468109845,5.6159214993519,0,0,0,3.93120791089612,5.58431498030469,0
"HMGN5",4.26795921041992,0,0,3.98742461116933,2.94312368104972,3.28479423456461,3.93120791089612,0,2.29726343115503
"ZNF711",1.75807992347051,0,6.91309354482348,5.5436484247112,0,4.20881251001496,0,6.37872501181642,0
"MORF4L2",7.84371850595253,5.9804951489214,8.42268238798219,8.57773887586784,8.39852557385636,8.6241196879647,8.66753323080772,8.39950853006438,8.8052214076011
"UBE2A",5.90129543328306,0.90705921075679,5.43237456005296,5.12797663188687,4.18624518566689,7.25356824154821,4.52546856046124,5.84232905469501,7.1190697519878
"ZBTB33",4.96245814770599,0,0,5.57611217872611,0,1.2972786894223,0,0.834285950287708,0
"CUL4B",4.84777444925032,5.51210603001052,4.30361811528956,7.22507635136047,0,6.11913799850014,6.55926680951409,2.86072345122316,5.75103014536539
"SMARCA1",0,0.90705921075679,0,4.60604068470593,5.0659992944453,1.2972786894223,0,6.37872501181642,0
"BCORL1",0,4.62239844342634,3.91272940279308,0,0,0,0,2.69617646863997,0
"HCFC1",5.6956087635486,4.90121600996669,7.20424816272889,6.71462996273876,6.39500148920146,5.74080216804716,6.82964528044503,5.14774918913529,4.87703395333824
"MECP2",5.73915908486025,5.06104640175957,6.39563259880387,3.24672430706797,0.967774308989832,0,4.67932411407081,3.67181591903733,6.7507463154004
"BRCC3",5.45564211355251,4.34019345737389,5.26661968333222,6.52810029313185,5.45982316543531,4.84274379167813,6.49853124786075,6.68350931008344,4.97007833961197
