,Br61.CTC.18,Br61.CTC.22,Br61.CTC.23,Br61.CTC.34,Br61.CTC.38,Br61.CTC.45,Br61.CTC.10,Br61.CTC.13,Br61.CTC.20,Br61.CTC.35,Br61.CTC.4,Br61.CTC.6
MXRA8,0,1.77215897481878,5.19955029763702,0,0,0,0,0,0,0,1.77714742959087,0
ZBTB48,3.65804051295115,0,3.47020579378489,0,6.83254104625445,4.42005376997187,1.60741569476714,5.18835580983679,0,0,1.77714742959087,0
FBXO2,0,6.26852585676177,3.47020579378489,0,0,4.27551926693385,0,0,0,0,0.855319487273501,0
PADI2,7.33799471963431,8.5799655143923,7.82906926900152,4.63856561265205,7.97756523233491,6.15798054381936,5.89095919961925,6.51770573239893,6.48823810439268,3.81055152010268,6.7844583423819,7.72478280040867
USP48,5.56967383975736,4.58187234092091,5.23509433140934,5.44307551340965,6.1933149990425,4.83543462122546,7.355270904867,4.62304197379457,7.62009016718853,6.95761078064091,4.102925739377,4.23205167550251
FUCA1,0,0,5.08734107018753,0,5.58712027409939,5.23778356737849,0,0,0,0,0,0
TMEM50A,8.04164526589607,8.65537065523399,7.41420816056225,4.08227618763274,7.29573789663338,5.95937410622992,8.11557675707399,7.49413121657993,7.74042521771757,8.24183555194743,3.05005483153942,5.93770525979639
STMN1,8.90830115404319,7.32582456391506,8.27561147547546,10.5652966287831,8.40570631957261,0,9.27189992624262,9.19993569773288,10.7826061964402,8.96921960554205,8.53758721459245,7.03864623005801
YTHDF2,7.95419316097189,8.68107042130718,8.24542765839953,8.66732027037654,8.90793704031451,7.65832033456949,8.84083098919994,8.24047799646925,8.58863072549761,8.38713619582717,7.59678554309992,8.12795484784606
MARCKSL1,8.86099857952875,10.1563175886795,9.25175160356767,8.28452504950438,9.03851046011564,4.55141773929247,9.48265129469472,8.71645540818338,9.01570766417804,9.14298745355889,7.28122935612728,9.53400629385949
NDUFS5,7.64772332229972,8.0194475760294,7.77575969467461,8.53581514874296,8.09398354978874,6.31414198070368,8.20335994114393,7.94994258468787,8.11348423759275,8.01465612650052,8.25763805679304,8.80982265266873
YBX1,3.86401321800044,4.65285771429078,4.12916472519802,5.28822871256432,4.66223132880189,3.61166830142447,4.03147591614999,3.68043162641402,5.45229957873779,2.32468250927375,4.23277630190898,5.37595584071976
RPS8,7.73558274058359,8.62920476475433,7.94629400718842,9.1535285803174,7.93194617117369,6.56795817664599,7.71988962637508,8.68917055932176,8.37285998017101,9.49127744246763,9.38839359503731,8.67676471101093
DMBX1,0,0,0,4.78476506704221,0,0,0,0,5.38003221979051,0,0,0
CYP4B1,0,0,4.83276895524329,0,6.48626346034789,0,0,0,0,4.7582023568168,0,1.57380885507469
TMEM59,4.34855158998419,6.12610446953362,6.14283426805781,5.38311609083866,7.58226223160812,6.35067709546302,7.5647522835339,8.61136221271652,7.07357325355337,8.13271293507008,7.29616144989915,7.28712448542383
MIER1,4.65624654859562,6.04924902290603,5.89872991808014,6.91339743332396,4.0609652134321,1.01462804851359,4.7872088135702,5.18835580983679,2.07338377137902,5.93412317135104,5.69980254956905,7.221753423182
AK5,1.55446638600676,0,4.52344194986562,0,4.79046165694279,0,0,0,0,0,1.77714742959087,1.98744606600347
SAMD13,0,0,0,0,0,0,2.02523543121075,0,0,0,0,0.991642860253225
HS2ST1,0,0,1.50241916096267,0,0,1.01462804851359,4.55566945934016,0,4.17897019048241,5.86136391351294,4.51395193690214,0
ZNF644,9.14391520673743,7.3686287755622,8.39040216884555,8.97463907278215,8.99923764897785,8.59888903572094,8.76818186430339,8.28671993596235,6.28557675138365,8.23705045155977,6.26792861129353,7.84129069655589
CCDC18,3.76469957278223,0,3.88252609429898,4.5863437956225,2.29943626996893,0,0,0,5.48711958119476,0,0,1.57380885507469
FNBP1L,8.26704053076811,7.09039028144045,8.37056232460521,7.88054713666164,7.89913222518446,6.95961037377531,6.5567515372742,8.94702238317597,8.09102370151616,8.51518543138544,7.74562773336811,6.02788659012137
PALMD,6.62689404130874,8.61594167834632,8.5785620421997,8.5698321775118,8.58440262293955,7.73633050749377,8.76139233141616,6.69276558979112,8.7550175082689,8.24183555194743,7.77789982219563,9.50486040698832
NTNG1,2.76802590390751,0,0,3.16502698495519,0,0,0,0,3.40955109619043,0,0,0
VAV3,9.491291925711,7.64595303204998,6.86406176036588,0,8.58440262293955,0,8.13146113864045,0,6.48823810439268,0,6.92558106503224,8.05476206818313
DRAM2,6.99875872538031,5.30926189491094,6.44558061365825,0,0,5.80994492776663,6.95213923049012,0,6.07282786039427,0,4.35189855842239,6.85374584891726
ATP1A1,8.90830115404319,9.39090431260269,9.59388821174429,7.72621069623778,9.66290996669247,8.24333135378265,8.56484192160026,9.72148886612342,9.4566450501344,8.72111045363361,7.91963497372544,9.31193817674435
SRGAP2B,0.977188561206484,0,0,0,0,0,0,0,3.25649805108849,0,0,0
ITGA10,0,0,0,5.635245875198,0,0,0,0,0,0,0,0
SF3B4,6.70933075716162,5.39458282782152,7.21500387006794,6.49881665563982,7.0273263048933,5.64323087578424,7.41705579158593,6.63673979576304,6.60380132615011,5.2128026382639,6.67447363190022,6.90223960314709
MLLT11,4.65624654859562,0,0,0,0,0,0,0,0,0,0,0
MRPL9,7.3293315438524,6.55462596003209,6.06596560183856,7.49081814488239,6.2977149858689,4.4872303995405,7.58796253557061,7.30936457173817,7.60431724453516,5.93412317135104,7.06287867942158,7.50689061525528
PMVK,4.95547021364979,4.84699182945513,5.369111383892,5.93578909604464,6.94704422099896,4.61287053411608,5.67674287097076,0,6.95421008231687,0,6.69715159163411,7.53022164910731
ARHGEF2,5.95474060768806,6.22259670512194,6.17978535933375,6.58117733463851,3.48528509842576,6.74308030366294,8.24775755014893,3.88665862565631,6.41779287093242,9.16078311125421,5.53334293174915,5.11300169954102
MEF2D,7.7224093002645,6.60919187096669,6.50502583897189,6.41146797220005,6.09739262073141,6.58339151436949,6.12052516129773,7.58575434438314,1.6503744370058,7.11194173992331,5.50791399433957,6.19291822310264
TSTD1,6.14447518959324,6.39814219123221,6.44558061365825,7.12952451499107,6.42171681578437,0,7.29072116839633,6.96716871257769,6.48823810439268,4.647160856548,6.70835827795724,6.97205447004027
NDUFS2,6.83704964647232,8.05264070140375,7.2238770521846,8.98979544764826,7.22940375701929,4.88609620880177,8.18825183655873,5.47065058574316,6.87754464668679,6.75829786469365,7.56014150454453,8.11258026027453
IER5,6.32961296888973,8.19620036952971,7.13258935515157,7.65193361468368,8.69777464355538,6.00593169443136,7.70581286269805,4.62304197379457,7.62009016718853,6.77159497937043,5.19389044535597,6.40969782413029
GLUL,9.93276740433194,8.11682013501439,9.05944456778866,8.59647985131466,8.80541499047239,8.38216796077839,9.03630046252782,4.06705964685785,9.14125470653974,9.72795198625759,9.24184503530717,7.98892718135108
CRB1,0.977188561206484,0,0,0,1.74570729082727,0,0,0,0,0,0,0
KDM5B,8.79016323832609,8.03281660874225,8.1415564037683,4.78476506704221,8.82051464524465,6.62872498840331,9.08877019128114,7.81761118207282,4.55219787411349,8.22743237259463,7.35439071098524,9.00007786467334
ATF3,10.3420627907894,10.3355728435385,9.52555863582171,9.643352309978,10.3712358088551,10.0528359355291,7.47630298492108,9.48415358533626,8.42766373725914,11.5057755921407,6.62801941813166,8.36266602669508
H3F3A,3.95692831956696,4.06192364824904,4.33973073750281,4.53216046024189,4.47133902707739,1.01462804851359,5.73335192083989,4.06705964685785,5.26435412599989,3.70361742222051,4.16931143672517,5.26907150835289
LIN9,0.977188561206484,0,0,4.29244986055355,0,0,0,4.93321301121428,6.58784831533231,3.91010356822368,5.76565453928763,5.47546475839329
ARID4B,7.50115496508302,6.43888292169054,7.30973059208768,5.6607226580592,7.4395962570048,6.9236848436711,5.96374367304852,7.8301556092733,7.53944238384552,8.10146173220216,7.41720665005943,6.72486158244491
KIF26B,0,0,0,0,0,0,1.01687257116206,0,0,0,0,0
FAM107B,5.73621973653122,4.78513826222064,6.30213424335417,6.95517845472479,7.39321925650037,3.34815272185581,1.60741569476714,5.70664466912252,7.01512577358485,6.39571868959307,7.46424006201436,5.86616582393135
ITGB1,7.61957672955668,7.70560239742751,8.36656140403411,8.13803302759036,7.84108278548597,7.62141698082237,8.11024285950032,7.9613919172576,9.11644823295678,8.26552584340794,8.04426727389012,8.18786532582616
FZD8,0,0,0,0,0,0,0,0,0,0,4.03333733519718,0
PARG,2.95984011779028,6.19907191178946,5.78342077729104,5.80480154494145,4.98170195390304,0,0,6.16843584257508,1.04933488767123,0,4.56416241044603,0
UBE2D1,5.50959340199022,6.55462596003209,6.56211829065506,6.9027603400642,6.2686492802062,6.78372991328419,6.92808914934963,6.16843584257508,6.45344541549344,5.46279567510771,6.00257717844773,2.30853333503458
KCNMA1,0,5.75873593073801,6.46067312381456,0,0,0,0,4.22738912750537,0,0,0,0
CCNJ,0,5.65880466411826,0.938539453487952,0,0,0,4.20163152906875,0,2.66627429953909,5.8362718925512,0,0
GBF1,4.2782733489173,5.85219139010509,6.3515515133522,8.10128961024859,2.69859972289714,6.13721601556839,5.03251337762384,8.0173140479799,5.61855870255066,1.58725821108045,6.95410580789184,6.07094779962661
PDCD11,0,7.10312063248784,7.11361761069026,0.914946843824564,2.29943626996893,2.60926082631168,0,8.34906539715764,6.73995575465231,2.81030587924663,6.8667817412815,6.90223960314709
ZDHHC6,6.32961296888973,3.41448586074516,6.00550104072636,5.73455996107571,7.03597689649585,6.52064213073666,5.12003722279245,5.40508482224501,6.96660072537245,4.0907027833405,6.09085821892113,5.89040860819343
HTRA1,0,0,2.22229384555422,0,6.59563421933638,0,5.91563094877779,0,0,0,4.95134981399727,0
SPRN,0,0,0,2.84769575152111,0,4.83543462122546,0,0,0,0,0,0
CDKN1C,0,0,0,0,0,0,3.61574636118298,0,0,0,1.38864071425221,0
SCUBE2,0,0,0,0,0,0,0,0,5.22363752315493,0,0,0
ZNF143,5.20316736507029,6.07532507842191,5.98476962740629,7.51196938040863,5.97677442049027,6.25754367023949,0,5.53336568419511,2.07338377137902,7.18332757591185,0,0
SLC36A4,6.49367183177075,0,4.40360265234451,0,5.33007566213506,5.45470368822046,7.37319537210266,3.88665862565631,6.79657540098632,2.32468250927375,0,5.34120021117074
CWF19L2,3.86401321800044,3.83653614959722,3.96950889819224,7.16556464039023,1.74570729082727,4.02730704228031,5.61782153311304,2.78878521854311,5.1385858085035,4.0907027833405,0,5.568550750985
FDX1,4.2043955376972,4.1626556138888,5.19955029763702,0,3.14491230150727,3.61166830142447,4.42428746124818,6.1283668335555,5.00079731066783,6.44634617407099,3.8018363395028,3.79179578567051
FAM118B,5.44690180487581,5.91129267230757,6.28527836615346,4.73765909565504,0.835544763064257,1.01462804851359,5.98721141779069,6.42150661898076,6.53890273176521,7.44636593363724,4.8334678863037,0.991642860253225
BARX2,4.65624654859562,6.39814219123221,6.19791195591046,4.5863437956225,5.24309571789113,0,5.64758298310603,6.6078893032387,5.82318701090528,4.17317618066493,5.65416972234432,4.62776748932545
APLP2,8.68204129571915,9.80929403914951,9.67700703665093,9.69204201639179,9.44800856646705,8.00053800345171,10.1807257739644,9.64189702245613,9.87829140377798,8.28883339637259,8.24229971380075,7.82880038430237
ADAMTS15,0,4.9632702000304,5.80723170127738,0,0,0,0,0,5.1385858085035,0,0,0
PHC1,1.55446638600676,0,3.20934146827846,3.01506874952756,1.74570729082727,0,4.03147591614999,0,1.04933488767123,1.58725821108045,2.90174057602754,0
GOLT1B,3.28060419852085,0,5.89872991808014,0,5.27267554389942,7.17865342972775,0,6.51770573239893,0,6.28880033714617,6.17404727796199,4.15409843275382
ARID2,7.31184754946689,3.41448586074516,5.23509433140934,0,7.18342357288191,3.61166830142447,7.08858316171426,0,4.55219787411349,1.00172212515525,5.53334293174915,5.568550750985
TUBA1A,9.69721655333122,9.57122371591396,9.75865310132055,8.91236928078349,10.2219148610804,7.71546989439692,9.09418392094744,9.51167119584464,9.03642640592209,11.8011027571809,9.26858940789905,9.16566040098271
NR4A1,10.3049855948493,10.3396127717506,10.9552217974774,10.0219391439202,11.6514067376518,11.9048509481468,10.0150845729414,8.54442366779718,8.64368184906944,9.63643306412753,6.73051382712085,9.73480064664499
ZNF385A,4.04421969541364,6.39814219123221,5.19955029763702,5.7583558420405,6.79226068160796,0,7.01056679470641,6.35361465694036,5.85018688906463,1.00172212515525,6.71947858262348,6.19291822310264
MBD6,4.59973482165042,1.14262491429794,3.88252609429898,3.42498865905305,0.835544763064257,1.60443379015114,5.45904340965411,0,4.61651421755362,3.5881181615279,3.71560681042074,5.53818457383375
RASSF3,5.95474060768806,4.84699182945513,5.49173042322064,0.914946843824564,0,0,4.20163152906875,4.5028236985384,3.08525953461191,4.46271753026143,4.16931143672517,3.15503422900324
GALNT4,6.53945982440349,0,0,0,3.14491230150727,5.55204461634582,6.6331210087182,2.30460383552026,5.58680444128601,0,0,0
RSRC2,7.75512006986163,6.22259670512194,8.47087262606899,9.3697777013733,7.20659683670555,6.58339151436949,6.78813049830466,4.22738912750537,7.97315588147012,7.92824055208599,7.62070782651859,8.04399610680159
FBRSL1,3.54286207283071,4.65285771429078,2.89066238575048,3.30085528456345,5.01708588621377,1.01462804851359,5.52466604620375,4.5028236985384,4.26174018477148,3.32502644160885,4.51395193690214,5.02814198799467
GTF3A,4.04421969541364,7.60178398883996,7.70780939351235,6.95517845472479,5.95868955290824,4.98237567708231,7.87260905784259,4.22738912750537,7.97315588147012,6.44634617407099,7.06287867942158,5.93770525979639
CKAP2,1.55446638600676,0,0,6.54058464189804,3.84167356133937,3.02550256532648,0,1.57054010331741,4.09116095734189,0,6.15778879504552,0
OLFM4,5.47858810567444,0,0,2.84769575152111,7.3383246082919,8.67649582549321,0,0,0,0,0,0
PIBF1,3.28060419852085,6.12610446953362,2.22229384555422,0,0,0,1.01687257116206,0,4.79386404108991,2.32468250927375,4.74916412170889,3.56960390603226
RAP2A,0,3.24104163978872,3.58484749498704,0,0,1.01462804851359,0,0,0,0,4.74916412170889,6.07094779962661
TEX30,6.04216051944777,6.64445530172337,5.00737297580569,6.48462088142792,3.9915068162816,5.98284070119161,0,5.95593871093727,5.45229957873779,0,5.45567065315947,0
NRL,0,3.83653614959722,3.69104615681672,0,0,0,1.01687257116206,4.06705964685785,0,0,0,0
REC8,2.76802590390751,0,2.22229384555422,0,3.48528509842576,0,1.01687257116206,0,2.40007390882571,0,3.42087475132059,0
ARF6,8.04693893632787,8.47613919634778,8.25844098232163,8.70147736409915,8.34434562747202,4.27551926693385,6.39069761474914,8.64725064749573,8.00953821613012,9.87226107474868,7.46424006201436,6.81627493545331
BMP4,0,0,6.60350217387627,2.65832520157002,2.86319432286341,0,0,6.35361465694036,6.65062847410271,0,1.38864071425221,3.15503422900324
ZFP36L1,9.36559023895427,10.6942936020987,9.55398385821804,8.15157407910038,9.69603638214775,9.29818923753026,9.69884516906294,9.35988768637306,10.433472315607,7.82360594661427,7.76185401393488,9.70093347522445
NPC2,7.67533127455183,7.90051213232396,6.70838488654271,7.32543973629143,7.69032669430772,7.64367207331939,9.15502407110417,7.69951472247123,8.05085618450621,7.33433772042024,7.5161795077809,8.25475462003285
IRF2BPL,3.54286207283071,5.93995950506289,3.47020579378489,2.65832520157002,5.51469836685153,0,5.31810172857486,3.43972875942138,4.9517796018412,0,0,1.98744606600347
CKB,0,0,4.46476626897419,0,0,4.4872303995405,4.7872088135702,0,0,5.78473939845641,0,0
PPIP5K1,1.55446638600676,1.77215897481878,4.96566283833578,0,2.048976531023,0,0,0,0,0,0.855319487273501,1.98744606600347
C15orf65,1.55446638600676,0,0,0,0,0,0,0,0,0,0,2.57100691792584
ANXA2,9.87589974432461,10.1895251263952,10.2198498152738,9.48121956759019,10.5350450730569,10.2127198676889,10.4867970733367,9.9570440900405,9.55633664564926,10.3839006829556,9.27236987986052,10.681083536551
DENND4A,4.47960290840922,6.41865636301118,5.12572206503694,7.86419168630533,7.45257753752575,8.56430696423315,1.60741569476714,1.57054010331741,2.89092389247493,6.91030414162571,0,3.79179578567051
MFGE8,3.12911856065082,0,5.92072566291883,4.08227618763274,1.3612414293702,2.60926082631168,0,4.22738912750537,5.22363752315493,4.7582023568168,4.70508989660351,5.47546475839329
ARRDC4,5.0846281814892,4.58187234092091,0,0,5.70028708660877,0,5.67674287097076,6.57845007569228,0,0,0,3.68497314292479
SNRNP25,5.65534872918833,5.69289000594393,6.30213424335417,6.16671480109327,5.43844791362345,0,5.81430671754511,0,6.24546306594033,0,7.30356993789668,6.80356519242918
RHBDF1,1.55446638600676,6.07532507842191,6.1049118322026,0,3.14491230150727,0,4.7327137477878,4.62304197379457,5.70983166908658,2.5878315683297,0,4.30600791318031
MPG,6.27652273709509,3.83653614959722,5.63166042663752,0,5.4643151088475,6.05103366286614,6.99906904989593,0,6.43572927317408,0,6.12471160878391,8.64861447316489
TMEM8A,5.31270194889097,3.41448586074516,0,6.84836565210126,0,0,0,4.37166958678595,5.64962906638944,0,4.91311615931869,0
RHOT2,6.87326001839589,7.23620680115618,7.90826768175215,5.87178141491859,7.45257753752575,6.42108358084673,5.03251337762384,6.92100412597623,8.14653270538405,1.58725821108045,6.38429600302379,0
STUB1,6.78731050279489,7.52817424568975,7.75141918004563,7.10189100529615,7.70667316656358,5.95937410622992,7.3462244614993,6.84886344970727,8.12458472374469,1.58725821108045,7.09738716121319,6.90223960314709
JMJD8,6.24001183256815,6.94239937205849,7.30973059208768,6.20184882114924,7.83117666614074,6.23817315162656,6.87875174184176,5.76006893958714,7.64343085630116,1.58725821108045,7.20415874590575,7.23127546274856
FAM173A,5.0846281814892,6.92816137595349,6.60350217387627,6.59445832926639,4.908219082503,4.42005376997187,7.51718059082679,5.33639685262802,5.48711958119476,0,4.35189855842239,7.17317706642596
UBE2I,7.48564466680103,6.47850468799847,7.78777766585852,6.91339743332396,7.54638354947126,5.64323087578424,8.34178450480504,7.13833611306794,7.99751242837126,4.46271753026143,8.40266867611341,8.51855785030398
GNPTG,6.55440514927271,0,1.90679859175466,2.18332719684351,4.0609652134321,5.78346300996501,4.49147351534777,0,3.89767429553537,0,4.61268400998998,6.47527745335644
NME3,5.1647264248613,6.85478415994816,7.20607577623984,6.5542428383873,8.2656221913111,6.15798054381936,7.03329098442546,7.8301556092733,8.21564179307947,2.00258241746694,7.45095767581528,7.40118813998579
NDUFB10,6.46231870039367,6.82435539407708,6.9414122979057,7.09256094939331,7.65144885718189,0,8.54521188697023,7.91503910167193,6.6659057471559,6.6327640885246,8.5344422770198,7.69067683087634
HCFC1R1,3.95692831956696,5.5137899132113,4.92271081448134,5.55599952146841,4.83079158607764,4.42005376997187,3.7314365541753,5.9094074945164,4.41426644548423,5.00333475264908,5.09489195165186,5.8164228139136
ALG1,5.04284723805334,8.0127163132336,6.97333374970053,6.58117733463851,7.31718838565047,6.74308030366294,7.32795959774812,7.11801829597824,4.41426644548423,7.63278145294867,6.96349008698414,7.61994637304553
RSL1D1,7.57629964180425,7.72220169664403,7.97285482418073,8.71673994386402,7.88961807500841,7.10571138291055,8.12618575321883,9.07901411563219,7.16242700941523,4.81067432484844,6.83645828403334,8.16320425698424
CLEC19A,0,0,5.04791102760601,0,0,0,0,0,0,0,0,0
TMC5,9.98472244328697,6.62693132555525,7.1970920868234,10.1877448294378,8.47414356443651,8.14274739285143,5.31810172857486,8.21200424663279,8.60853385461146,9.54646940862706,7.56631384498071,0
GPRC5B,6.9656000923528,7.48018489297215,5.75921026224584,0,7.25185573675553,6.02865892039319,8.56484192160026,0,3.54791310330226,0,6.43913924383674,6.30537586637366
ERI2,5.9991126120139,6.24574404634219,2.22229384555422,6.49881665563982,4.41939053959025,0,5.12003722279245,0,6.36260557420856,5.9806675466329,4.23277630190898,0
INO80E,1.55446638600676,3.56929816195387,3.20934146827846,4.15578908635543,3.38050352859419,2.02188682632457,2.61297481387861,2.78878521854311,2.40007390882571,2.5878315683297,2.33508209733235,4.23205167550251
NPIPB15,0,0,0,0,0,2.345262304423,0,0,0,0,0,0
TUBB3,0,0,5.68404115736608,7.46212530794468,5.67835275643098,5.91126379848956,6.29990588174542,8.98116958534942,5.68004437124643,6.54256403896695,0,0
TNFSF13,1.55446638600676,6.57304486292388,5.94239108419145,5.7583558420405,2.86319432286341,0,8.07234298232925,5.26427438843222,1.04933488767123,5.75826602943722,5.53334293174915,0
RNF135,5.78772024246171,7.0645875427646,5.46203879626036,8.03951065471117,7.84108278548597,5.42074039222528,7.67724045885732,6.71998316911956,8.1788410399045,8.00342876696735,7.34005224283817,7.79709315354804
AP2B1,9.49903762119458,10.3288143880004,9.96192716470963,9.89485802722243,8.47095722077535,8.04580628375113,9.57460219415836,9.25679662012329,9.6912415311507,9.35437611354608,8.98505804505854,9.45899413925117
AATF,5.12523311231807,6.39814219123221,7.42194003650148,8.20450202499248,7.45257753752575,7.38648554214967,6.6331210087182,7.90321440031419,5.18173833559132,3.32502644160885,8.06621077126118,8.63791489364695
SRCIN1,0.977188561206484,0,2.22229384555422,3.92295835432258,0,2.83234150772061,3.7314365541753,1.57054010331741,1.6503744370058,0,0,5.11300169954102
MLLT6,4.9998201249671,4.1626556138888,3.69104615681672,4.87459963534536,4.66223132880189,5.55204461634582,0,3.15066291965395,2.66627429953909,1.58725821108045,5.37357748793759,0
CISD3,3.28060419852085,5.62389448967958,4.96566283833578,1.47040629349847,5.53924517251619,2.02188682632457,4.49147351534777,0,5.87669073643956,0,5.90853992029929,6.37575515954322
PCGF2,3.12911856065082,3.41448586074516,3.7899605392245,0,5.24309571789113,2.83234150772061,1.01687257116206,0,3.40955109619043,0,3.88320133640444,6.00586421333188
PIP4K2B,4.95547021364979,0,5.30365846329056,0,0,0,6.47611235522678,5.33639685262802,5.85018688906463,0,0,0
CWC25,4.65624654859562,6.17515715215473,5.80723170127738,7.60020218976439,3.38050352859419,4.19743240191301,6.31852708319505,3.68043162641402,5.61855870255066,0,2.33508209733235,0
ORMDL3,8.40947098127904,8.81864035057207,7.72666094531796,7.7619627221992,8.34434562747202,0,8.95829435896047,7.21686142054278,7.4887970409625,8.58086202484601,6.84663708509391,6.04957784896967
RARA,8.12909800229586,6.55462596003209,8.08910476687906,7.55336369406726,7.9457839880873,6.93575969434557,6.90363134092556,8.07114915630205,7.40022499704686,2.00258241746694,5.25630608356839,7.45093783300743
KRT19,13.0607424322009,12.6180445332153,12.980594307173,12.2384900723816,12.6173577813162,12.3692319808899,12.8419063856978,13.0728870508485,12.5495202524784,14.1956577587849,12.1434472405182,12.8607151348311
KRT14,0,0,0,0,0,3.34815272185581,0,0,0,0,0,0
JUP,11.2657773307011,11.9452010226047,12.0411629610257,11.2099564716023,12.1300040736467,10.6593582085565,11.3772782520917,12.5427032778977,11.7856973314231,13.3364574114092,11.8199853770189,11.2870244454259
CCDC103,2.76802590390751,0,0,0,0,0,0,0,0,0,0,0
MRPL27,5.0846281814892,5.88204465210337,6.19791195591046,6.09377078355397,4.87002470062277,1.01462804851359,7.37319537210266,6.31843172790617,7.50587712875717,5.93412317135104,6.34175054077442,7.59065380414471
STXBP4,0,0,0,0,0.835544763064257,0,0,0,2.07338377137902,0,0,4.15409843275382
SRSF1,5.95474060768806,5.93995950506289,5.87639362091154,6.67167486492986,6.57203607795739,2.345262304423,5.73335192083989,5.47065058574316,7.94838105927121,6.19321965801875,7.14764990132013,7.72478280040867
RNF43,4.2782733489173,1.14262491429794,0.938539453487952,0,1.3612414293702,0,0,0,0,0,1.38864071425221,4.30600791318031
DDX5,11.6746962653132,12.1618483109613,11.6861562319611,11.8115181424694,11.9998119005032,11.1264698813033,11.374500073276,10.7256785155302,11.1943692737818,11.829989737763,10.6075615626126,11.6521271902849
SMURF2,6.14447518959324,5.35255300408385,0.938539453487952,0.914946843824564,6.40845356705916,2.02188682632457,0,1.57054010331741,5.48711958119476,5.81073572330154,1.77714742959087,6.90223960314709
SOX9,7.02044851393204,8.41619059252653,7.47493309773037,4.73765909565504,8.84287188015079,8.30047902924453,5.31810172857486,5.86132534654727,5.7956721804195,7.63278145294867,5.16163991022087,7.49902899818506
GPRC5C,7.57629964180425,5.35255300408385,6.98381918370387,4.91750273187144,6.70816045830237,7.51276404138902,7.03329098442546,7.41306650760451,7.18381096442739,4.17317618066493,4.23277630190898,0
ITGB4,6.31213240550043,7.49957260735795,7.10403735486883,8.43237212464463,3.58296906655991,0,0,6.04472727496392,5.87669073643956,5.04773212801708,6.38429600302379,0
H3F3B,10.7419396228347,10.7590718017538,10.1770865283798,12.0193602058995,10.6129964093256,10.2482536095241,10.8584905522994,11.1538709721627,10.9227404640193,10.7658222564645,9.65339039870824,11.7026308488209
C17orf99,0,0,0,0,0,0,0,0,0,0,4.102925739377,0
TIMP2,3.4176842114365,6.49791484373582,0,0,0,0,0,4.06705964685785,0,0,0,0
ARHGDIA,7.18314082428769,7.15294759142045,7.64973009387107,8.65469623400577,7.74410971612805,6.31414198070368,8.11557675707399,8.3920039834585,7.40022499704686,8.71079310403656,8.47662857893515,7.57578142362285
FN3K,5.65534872918833,5.39458282782152,3.58484749498704,0,6.13008052838179,0,3.61574636118298,4.06705964685785,0,4.58826143678028,4.56416241044603,3.98429043904333
MYL12A,9.84736130057495,9.7719127558064,9.98429312140224,10.1216280486152,9.90643454051128,9.92994592884423,10.6137869999166,10.0671202787135,11.1393372191509,9.60149026098873,8.18328327666662,10.2323643346603
RAB12,3.65804051295115,0,3.20934146827846,0,2.86319432286341,0,4.20163152906875,3.43972875942138,2.89092389247493,4.25118874686842,0,0
DSG2,7.66159333693152,5.55143287183073,5.63166042663752,7.83091379779204,8.29113956245055,6.61377155162722,7.18306365197121,2.30460383552026,7.07357325355337,8.89521866219188,7.32556983766642,8.22646665606494
PMAIP1,3.95692831956696,0,5.98476962740629,6.25299586039625,3.48528509842576,0,0,7.25457735229833,0,7.98642218241051,4.79193170184747,5.37595584071976
MEX3D,0,1.77215897481878,1.50241916096267,0.914946843824564,0,0,1.01687257116206,3.43972875942138,2.07338377137902,4.46271753026143,0.855319487273501,4.93797713029431
FZR1,6.34688426036338,7.0645875427646,6.28527836615346,7.65827153920923,7.76507380332013,5.95937410622992,6.82766716328167,7.75319881049627,7.46279167187903,8.67231873392051,4.23277630190898,4.62776748932545
ATG4D,2.54674055750149,6.10093817648107,6.23349588283498,5.87178141491859,5.8253196626061,3.9340774096171,3.7314365541753,6.20742199340878,6.97888585645389,6.5883688838827,3.96022146822246,0
PRDX2,7.20224554897162,7.62844734967926,8.16478190258639,8.87204007296593,8.70321596253404,4.27551926693385,9.33955939186272,5.18835580983679,9.00673630116517,6.68990934432883,8.7175177651207,8.69063649587695
RPL18A,6.50909652870663,7.29286681328754,6.56211829065506,5.82747544833046,6.52364925614773,5.88659332011584,6.07744165581492,6.74669676080935,6.20420205493311,6.60331959456891,7.0888371153331,6.75157602981283
JUND,5.47858810567444,5.82170730700242,5.40075694464995,6.0558674293545,6.68634641371221,4.27551926693385,5.31810172857486,6.28236930168018,6.41779287093242,5.28875625699917,5.16163991022087,6.17329253706015
PBX4,0,1.14262491429794,0.938539453487952,0,0.835544763064257,3.48591872390098,0,0,0,0,0,0
CHST8,5.1647264248613,1.14262491429794,0.938539453487952,0,0,0,0,0,0,0,0,0
FXYD5,0,0,0,2.84769575152111,0,0,0,0,0,0,0,0
ZNF829,1.96564614263482,0,0,5.28822871256432,0,0,5.64758298310603,2.30460383552026,0,0,0,0
SPINT2,9.96528316850292,9.46674295796038,9.89127866751453,9.30258344155218,10.2537828749895,9.19396598606241,10.1537581745743,9.31596764987525,10.2313811624976,8.99212011593906,9.25909465885439,9.97760699456727
ACTN4,7.53168410074001,8.29382251838762,8.60936143873141,7.51895143868854,8.04339810831224,8.25301455624574,6.45942918053172,9.40670386183322,8.29147486089186,9.11457165013746,8.49292170691547,8.11258026027453
CAPN12,0,2.20897628517018,0.938539453487952,2.65832520157002,2.048976531023,2.345262304423,2.3488302965728,3.68043162641402,1.6503744370058,4.647160856548,2.90174057602754,0.991642860253225
HNRNPL,6.18345225827571,4.84699182945513,6.19791195591046,4.87459963534536,7.28125831108844,4.27551926693385,2.61297481387861,6.1283668335555,6.83762798503982,6.44634617407099,5.02490537742573,6.84136336665459
FTL,9.89216759329317,10.5094140597019,9.15300451801863,7.72016492936853,9.93677687083014,9.08704692009782,9.6259641729639,9.29349584033269,8.01551372672329,6.60331959456891,9.13169820838699,10.3905172077195
ADM5,0,0,0,0,0,0,0,0,1.04933488767123,0,0,4.93797713029431
TMEM86B,1.96564614263482,0,0,0,0,0,0,2.30460383552026,0,0,0,0
TMEM238,1.96564614263482,4.34519606310148,4.12916472519802,0,4.19058930455923,0,1.01687257116206,0,3.25649805108849,3.46256122786937,1.77714742959087,0
ZNF784,0,0,0,0,0,0,0,1.57054010331741,1.04933488767123,3.5881181615279,0,0
SOX11,8.92564727161438,8.23141443088693,7.98855971948004,7.42543767433393,7.018623530137,5.52032182897618,8.59188283866723,7.19762714395796,6.52221143816807,1.00172212515525,6.50488552033205,8.09182257277999
LAPTM4A,9.0807986990986,8.87910344683804,8.10359991735021,8.2680430160644,8.18624489753027,7.59119920736461,8.99926805073104,8.60407613732346,9.32810335946204,8.94594971441073,9.04816276107928,8.96340999251948
SDC1,9.31602542313328,11.635355161731,10.9092051969882,9.22998014220674,11.5226824428192,11.286485335836,10.0433465447384,11.1463667390196,9.79736525538245,11.3455155407014,9.2456961481352,8.58319332470894
HS1BP3,6.38081865972129,3.70909606671907,5.75921026224584,4.08227618763274,5.61047494482349,0,7.39089987064968,0,5.70983166908658,0,5.90853992029929,0
CALM2,9.57612175311941,9.49116173365484,10.1223791356099,10.6662295649157,9.64181292427092,8.42134091874864,10.3733745075091,10.1520080296874,11.0856768398731,10.0909018783182,9.87469814168458,10.0654016231243
SPTBN1,4.47960290840922,7.32582456391506,6.60350217387627,5.97693574118612,7.65144885718189,4.19743240191301,4.03147591614999,6.00101593053067,7.03878965965302,0,6.79500935344297,6.68383885917107
RTN4,7.15400083509591,6.80889690528871,7.60288327535699,5.9970771966114,8.13482405150682,6.86174647146087,7.6480907288259,7.62947237696869,7.62009016718853,7.5032690890484,6.73051382712085,7.59065380414471
STAMBP,5.97709719312694,4.58187234092091,5.73458651515081,7.00575862140735,6.17776431735053,0,7.3462244614993,6.98970861391777,4.67808524667181,0,6.12471160878391,7.8720514171627
TMSB10,10.5295805017627,11.0221350419593,10.9645163002824,10.5711864612253,10.6938004544699,8.90556489637273,11.8684070536246,10.676161487896,11.4335086073107,10.8196239716412,11.4440450424805,11.1945240863679
ANKRD36C,8.65456267861061,7.12824921306535,7.54741243829784,9.5321458188191,7.39321925650037,5.83594949601957,8.43433141116066,6.69276558979112,7.20488258543135,7.12235853510716,5.60704623847877,5.02814198799467
MZT2B,4.04421969541364,4.9632702000304,5.40075694464995,6.87037023755223,5.95868955290824,2.345262304423,6.40818991544755,6.04472727496392,7.17315860629106,5.395677758162,6.25269986284208,5.44305179398845
CXCR4,0,0,5.92072566291883,0,0,0,0,0,0,6.34324975374072,0,0
ITGB6,9.78853286480128,10.6087243397752,9.45947709903466,9.69974356095035,8.89134801742672,8.459478285155,9.39544346674948,6.00101593053067,9.15755851619398,7.0586987820237,0,10.2698082886027
SLC25A12,5.90896045951133,6.07532507842191,6.47560937944856,0,6.35414652660354,0,0,6.38795996813122,0,0,3.62389388645227,5.37595584071976
ITGA6,5.56967383975736,3.04385920024338,0.938539453487952,0,5.86469984854304,3.48591872390098,0,5.47065058574316,7.0849838845352,0,6.47894543174406,4.93797713029431
RAPGEF4,0,0,0,0,3.26751156930657,0,0,0,0,0,0,0
FKBP7,3.12911856065082,0,4.051544224379,0,0,2.345262304423,0,0,0,0,0,5.59829092742562
ORMDL1,5.1647264248613,5.79056516682841,7.03513282007472,7.66458174224584,4.30952095889268,5.58308484681712,6.31852708319505,5.53336568419511,6.71079024398971,0,6.23730864682118,5.23160817649652
FN1,2.54674055750149,0,0,0,6.3262066561757,5.61347127497688,0,0,0,0,4.35189855842239,0
XRCC5,7.75512006986163,8.5935619244922,8.57509894357321,9.61430797865287,8.29474833505008,7.97735982164896,9.01932661885753,7.64375553196421,9.48276045288267,8.55417981418786,9.023699760192,9.46101894151628
EPHA4,6.38081865972129,0,1.90679859175466,0,5.70028708660877,0,0,0,0,0,4.8334678863037,0
PTMA,8.35075407244785,8.68953627184716,8.80830277531873,10.3044744538727,8.96113853908615,6.40380145509806,10.1249550827067,9.20476064704697,10.2681337400609,8.56185379071153,9.31514786548314,9.11512404275407
ARL4C,4.65624654859562,7.1772302501146,5.92072566291883,7.29322267418327,6.79226068160796,5.15756868808106,2.61297481387861,8.53679064875323,0,6.37844020501838,6.32728525953517,5.65599293444944
PER2,5.31270194889097,5.91129267230757,5.08734107018753,0,4.87002470062277,4.61287053411608,5.42507770511574,0,5.09410264078995,1.58725821108045,3.30753823492077,6.23138637585702
VPS16,5.86167985517506,0,6.14283426805781,5.38311609083866,3.7604862539382,0,0,6.66502463974862,7.22565086513709,0,6.50488552033205,0
LZTS3,0,0,4.46476626897419,0,0,3.9340774096171,0,0,0,0,0,0
MGME1,4.47960290840922,5.17100199788564,6.88658831269709,7.80829429371307,7.22184144009354,5.15756868808106,5.52466604620375,6.16843584257508,8.13560045149067,0,5.63080037415722,0
CST3,4.47960290840922,0,0.938539453487952,0,0,0,2.61297481387861,0,0,4.5268546630532,0,5.62743039277634
RBM39,8.848926565279,9.40382418093712,9.4799917027059,9.87049969893822,9.23913103569302,8.60646265249204,9.03911012188917,8.60407613732346,9.33528769374457,8.98642897711048,8.69797389233336,8.70095349943562
CTSA,8.09372768547642,9.08242844096143,8.27561147547546,8.59317568539698,9.37998927725291,7.49655199488536,8.57261975410201,8.87620324045887,7.84479462506926,8.09089239822802,5.84902733038675,0
B4GALT5,3.65804051295115,6.17515715215473,5.73458651515081,4.78476506704221,7.66266412710084,6.47172148655113,4.7327137477878,5.10821919500095,4.34001807161508,5.28875625699917,6.02067084574826,6.53800523773786
SNAI1,0,3.56929816195387,0,0,3.58296906655991,5.35031674098123,2.83615964932786,0,0,3.17298513750864,0,0
ADNP,7.24892899552593,7.38956386904494,5.75921026224584,7.73822675046305,7.95949033758074,8.10581812646485,9.05029435862368,7.30936457173817,7.58032973644384,7.27020641232127,8.1872937081203,7.92582007096079
ZNF217,10.0322046683516,9.65358051205516,8.94067777216162,6.20184882114924,8.90085080344565,6.99466299082017,8.46808247123109,8.94125177012833,6.94171209917641,9.47307916509986,6.34175054077442,8.83189654190115
AURKA,0,0,0,1.87046288763933,6.40845356705916,5.02820843509402,4.89038708374106,6.28236930168018,7.85149129907181,0,3.30753823492077,0
PMEPA1,7.6052947937123,6.57304486292388,6.04609099233964,4.3562136315184,6.84243783369504,5.42074039222528,2.02523543121075,6.45429091078115,5.1385858085035,3.32502644160885,3.42087475132059,0
PPDPF,4.81360211567834,5.21857614857409,4.27289952279381,4.08227618763274,4.61682361354602,2.02188682632457,4.93933483233981,3.88665862565631,5.22363752315493,4.647160856548,5.94689344452848,4.68432508998425
SON,7.65467499777483,6.22259670512194,6.31879545536677,8.4434236629772,7.29573789663338,7.54465162174725,7.47630298492108,7.79219028148836,7.68151197075267,7.25134709131163,5.53334293174915,8.58690671580055
PCNT,0.977188561206484,0,3.88252609429898,4.4172780750927,6.58388339741507,6.35067709546302,0,6.45429091078115,4.09116095734189,1.00172212515525,5.50791399433957,0
GGT5,1.96564614263482,0,0,0,7.352245328971,8.42134091874864,5.98721141779069,0,0,0,0,0
RASL10A,0,4.34519606310148,0,0,0,0,3.02939875235858,0,0,1.58725821108045,0,0
ZC3H7B,0.977188561206484,0,3.20934146827846,3.42498865905305,4.0609652134321,0,2.02523543121075,6.24538227737095,5.61855870255066,5.52692941003342,0,1.98744606600347
LMF2,5.0846281814892,5.55143287183073,6.87536900289225,7.65193361468368,6.28325532946285,2.02188682632457,0,0,6.73995575465231,5.00333475264908,5.19389044535597,5.98350045263087
OSBPL10,3.28060419852085,0,6.64373198318582,7.04498354407819,3.26751156930657,5.83594949601957,6.37299061868411,3.43972875942138,6.52221143816807,5.25127923153546,0,6.69764311484524
TRANK1,5.24061056513086,0,0,0,0,0,0,5.9094074945164,0,0,0,0
ITGA9,0,0,2.22229384555422,0,0,0,0,0,0,0,0,0
CTNNB1,7.26718745872665,8.13553013549618,6.61703713995219,6.64639245477478,7.86555452425024,6.52064213073666,8.34178450480504,6.92100412597623,6.47094664193755,3.46256122786937,6.37025313070099,7.56075412911317
FYCO1,5.56967383975736,5.62389448967958,5.5208232790793,6.94484608791078,2.29943626996893,0,6.45942918053172,0,7.11868407214992,5.25127923153546,0,3.68497314292479
TREX1,3.28060419852085,2.8153946795453,0,0,3.48528509842576,0,0,0,0,2.00258241746694,6.7844583423819,0
IP6K2,7.63371866639764,7.78675249350827,7.39861897418897,7.44022487058746,8.77989230562584,6.71532998297239,6.84060888709021,6.54839758376041,8.32554417218516,4.91021818501074,5.60704623847877,7.82880038430237
LAMB2,6.31213240550043,6.88458436852491,6.14283426805781,1.47040629349847,6.85226719215893,6.91150807713849,7.74763768358563,8.12304742997751,6.41779287093242,0,6.28299828634912,0
KLHDC8B,6.58383919795813,0,0,0,5.90303360292299,0,0,6.28236930168018,0,0,0,0
NAT6,0.977188561206484,4.78513826222064,0.938539453487952,0,0,5.23778356737849,0,0,0,0,0,0
PHF7,0,0,0,0,0,0,0,0,0,2.32468250927375,0,0
FLNB,8.08346053352927,8.13553013549618,7.18805210508597,7.40296875360371,7.67932523422106,2.02188682632457,0,6.1283668335555,7.70388730608609,9.40644914222494,5.69980254956905,8.00566968822781
PSMD6,5.1647264248613,7.32582456391506,5.80723170127738,1.47040629349847,6.80243669720582,1.01462804851359,7.27173519371247,7.15837175879877,6.6659057471559,6.02575711539072,6.51768273163587,7.56075412911317
TMEM45A,7.83685167778179,9.33534079069256,7.99893546870446,3.42498865905305,8.98590549149481,7.22858555875462,7.1418342187934,5.10821919500095,6.36260557420856,6.55799447283117,7.31094057631127,9.70264584934646
ZPLD1,0,0,0,0,0,0,0,2.30460383552026,0,0,0,0
GOLIM4,5.68281252024996,3.95362687354949,5.43172323227173,4.95916672908945,4.70625337322104,2.345262304423,6.20301442434629,4.06705964685785,1.04933488767123,0,5.74403614340001,0
HES1,10.3886726244184,9.64272215600643,9.60581713937946,5.22131580405819,8.71403741682511,6.70125205426377,9.6259641729639,0,10.3660889645409,4.5268546630532,8.52496611989632,8.69063649587695
TNIP2,3.12911856065082,3.83653614959722,5.12572206503694,0,5.21289669392492,5.48788579042308,0,0,3.6741589981651,0,3.8018363395028,0
BLOC1S4,4.04421969541364,7.89320096208812,5.40075694464995,4.91750273187144,6.53589895284861,5.35031674098123,5.67674287097076,0,5.48711958119476,6.02575711539072,5.50791399433957,0
PROM1,7.47782653490421,7.85607879959152,7.89165877024363,8.25137050585252,7.1598720041314,7.88073354974517,6.50891085851178,6.48634672473344,9.32329385011053,9.48321764584764,1.77714742959087,8.00011041325682
SLIT2,1.55446638600676,1.14262491429794,2.89066238575048,0,5.56338130306023,0,4.49147351534777,0,0,0,5.53334293174915,0
RBPJ,5.38136172767844,0,0,6.31848793574148,5.6560797876684,5.1157242819164,4.11906085042092,0,4.61651421755362,6.49525709186477,6.92558106503224,6.00586421333188
LIMCH1,8.615904109001,8.12308380122664,6.95213145175174,8.53925317297781,7.25926274906434,7.24808436611593,7.62583529163242,5.81158530341501,7.39106121296815,8.31177038146071,7.67312528516617,8.40955079530835
SULT1E1,4.04421969541364,0,0,0,0,0,0,0,4.84844583910103,0,0,5.50716547492901
RUFY3,5.9991126120139,6.17515715215473,5.87639362091154,0.914946843824564,6.40845356705916,3.83440432005738,6.31852708319505,6.74669676080935,6.18312041894197,6.11191682555408,4.70508989660351,5.11300169954102
HNRNPD,6.4139731788268,6.19907191178946,5.89872991808014,7.43285021792471,3.84167356133937,1.01462804851359,3.93822812717646,4.73400857767264,7.65112791845681,4.91021818501074,6.6161683229331,7.18302406683614
PPP3CA,4.2043955376972,4.72051355606615,0,0,4.0609652134321,4.42005376997187,6.60305657552674,6.1283668335555,3.25649805108849,0,4.102925739377,0
C4orf3,8.20682927074247,6.85478415994816,7.88047897522325,8.51151680436893,6.39506725193104,6.8490331822766,7.4679866148757,6.69276558979112,8.19472787400233,7.99211334799007,5.80794311123862,8.04938912995216
ANXA5,8.45796509822725,8.00595349672978,8.41772742049211,9.49012919830311,9.40858258972074,8.90249193158416,9.43438047134618,8.99237471050238,9.22357491799415,8.23224942722152,8.71474194066191,7.8720514171627
JADE1,7.24892899552593,7.05151102762926,5.04791102760601,7.93897903052039,4.79046165694279,0,7.67000805628918,6.48634672473344,6.99106725736412,0,5.9278441304767,6.34099463637752
RPS3A,7.40548874956582,7.72220169664403,7.03513282007472,7.05462537460877,7.04457592701263,5.15756868808106,6.92808914934963,7.07650355094488,6.61957985958752,7.2128723321619,7.53518463017606,8.08658614654851
CPE,5.93203211511738,5.65880466411826,6.51951215907168,6.28611349805777,6.22392236155631,6.95961037377531,0,5.18835580983679,5.70983166908658,2.32468250927375,0,0
PRLR,7.62666502610016,8.11682013501439,8.05967010074584,8.53925317297781,6.83254104625445,6.33252518786604,7.54116250802036,5.65116572042152,8.40052207233771,6.42966697339634,7.38962554523738,7.09188365852628
SLC12A2,5.9991126120139,9.15146588937243,8.65271982346501,0,7.58815621231014,5.80994492776663,6.35506359147904,5.33639685262802,7.30585746449687,10.1944984705573,6.99128213970679,8.71798622654634
TGFBI,0,0,0,0,0,0,0,0,6.45344541549344,0,5.53334293174915,0
RBM22,3.12911856065082,5.17100199788564,6.17978535933375,6.76859392723189,4.66223132880189,0,6.73367090153672,4.83704628510831,5.26435412599989,5.81073572330154,6.02067084574826,1.98744606600347
ADAM19,0,6.41865636301118,0,4.87459963534536,5.24309571789113,0,0,5.70664466912252,0,0,0,0
NEURL1B,0,0,0,0,0,0,0,3.15066291965395,0,0,0,0
RNF44,0,1.77215897481878,4.73684483790472,0,5.24309571789113,0,5.07693892356537,5.40508482224501,0,2.00258241746694,4.87384160551323,6.49121693879327
FAM153C,1.55446638600676,0,0,0,0.835544763064257,0,0,0,0,0,0,0
FOXC1,2.95984011779028,0,0,0,0,0,0,0,0,0,0,0
TMEM14C,6.5243580542046,5.07087175272999,6.39933198310265,3.92295835432258,5.27267554389942,4.27551926693385,7.26214768050977,5.65116572042152,7.67397573811161,4.0907027833405,6.10788420941397,6.25024252235624
SOX4,9.66659332945701,10.7388206725658,10.0443826214553,8.71673994386402,9.13829368833189,9.26746629241286,9.302623022955,8.94125177012833,9.07699206870388,9.83948879054661,6.20602468156084,9.56634177771215
HIST1H1E,0,3.70909606671907,2.48102369995585,0,1.74570729082727,3.34815272185581,0,5.40508482224501,6.43572927317408,4.39559589181582,0,0
HSPA1L,0,0,0.938539453487952,0,0,0,0,0,0,6.42966697339634,0,0
HLA-DRB5,3.28060419852085,0,0,0,0,0,0,0,0,0,0,0
SPDEF,8.50872376141007,8.38003454592175,9.02939208235807,8.03464702061256,8.74865685792643,6.89922765968359,10.1315519180184,7.85492190436839,9.00973295846754,8.03133502082034,8.82695911144853,9.02492817275946
APOBEC2,0,0,0,0,0,0,0,0,3.7902409497375,0,3.18453318380997,0
PTK7,8.00403551172313,8.54773319734311,7.41420816056225,8.23450306480524,9.02118772535642,6.52064213073666,7.39089987064968,8.63300222464157,8.90095939608797,8.19818731734981,7.87059832742888,6.62726181496026
HSP90AB1,10.3623747586643,11.3683526106494,10.9717773472579,10.7187214310298,11.5056559829696,9.81534625638053,10.1022974932159,11.2362979554519,9.99931538590761,11.371401605895,10.7827777351319,11.1872038782993
DST,8.6051785634081,6.97046062833222,8.25411623703744,8.0100798218767,7.99984498347186,5.83594949601957,0,7.85492190436839,6.82407317387177,7.9692127293051,7.4034820077799,7.64153197700048
CD24,13.86109210879,14.2222208010991,14.0252881068965,13.3729194184315,14.0919560503663,14.149507543004,14.1381469645948,14.0620418521267,13.5382882324881,15.086173290418,12.9813763023832,13.7828233971547
HEBP2,7.59810045456385,7.778839835178,7.35889271663114,7.27684027222948,6.72964957398355,6.25754367023949,7.4679866148757,8.02824298110293,7.59636564154863,6.92227702007979,7.50978842104403,6.58332368141475
ABRACL,7.92574035071221,8.32132128089748,7.94092265563115,6.89204423584443,8.23964534791498,4.55141773929247,9.14201447122114,7.21686142054278,7.82451605131934,3.5881181615279,8.43675752187455,8.49503587449636
LTV1,7.25808711137107,7.72220169664403,7.62983885936934,6.64639245477478,8.54857779708503,0,7.24277936752473,8.10251160594119,5.1385858085035,6.34324975374072,7.06287867942158,7.52248648505199
ARID1B,6.10441577422414,1.14262491429794,6.61703713995219,7.02550438769696,6.61885257016398,4.19743240191301,6.76115765578469,5.95593871093727,7.0849838845352,7.27020641232127,4.65962666165708,0.991642860253225
EZR,8.64062457817209,9.60294114374798,10.2031206728861,9.79485542888645,10.3261011128639,11.1667280724991,10.1550538413199,10.2298123107116,7.8647921088984,10.6526962338191,7.76722247036845,9.44064189052056
LFNG,0,6.04924902290603,0,0,0,0,0,0,3.6741589981651,0,0,0
COL28A1,0.977188561206484,1.14262491429794,0,2.44028728818443,0,0,0,0,0,0,0,0
TWIST1,0,2.8153946795453,0,0,0,0,0,0,0,0,3.42087475132059,0
SCRN1,6.02079712058997,7.12824921306535,5.00737297580569,6.0558674293545,5.4897266685718,6.07306668862568,6.44255082408601,7.75319881049627,7.55593663788427,6.37844020501838,5.96569450620954,0
SEPT7,7.17349274463907,7.80244879416388,6.9087685313696,9.18679081429241,7.25926274906434,4.42005376997187,4.55566945934016,7.86714742205451,7.98538555475874,7.79784257644168,7.0888371153331,7.8720514171627
RALA,6.27652273709509,6.22259670512194,6.95213145175174,6.62065906993747,7.87039945114336,7.96562957657899,7.55693180471719,8.19270466836916,6.78262744361454,7.19324320718365,7.38264708528343,6.112760892178
SBDS,8.615904109001,8.40080596273444,8.26275280211864,8.41001178304223,8.18624489753027,7.94187902140191,7.1522525638858,8.09213302563285,8.00353785254542,7.89824551454709,8.10488710855653,7.26874732412924
CDK14,5.31270194889097,0,4.33973073750281,0,3.26751156930657,0,5.91563094877779,5.47065058574316,6.53890273176521,0,4.56416241044603,0
PILRB,4.90971358272097,5.62389448967958,5.00737297580569,6.47028403492525,5.95868955290824,5.45470368822046,4.03147591614999,5.86132534654727,5.70983166908658,7.080232326548,6.2217514592517,6.93756930533265
ZCWPW1,1.55446638600676,0,1.90679859175466,0,0,0,0,0,1.04933488767123,0,0,0
CCDC71L,4.2782733489173,0,3.88252609429898,2.44028728818443,0,5.61347127497688,1.01687257116206,5.10821919500095,4.26174018477148,0,2.54965835678114,3.89125123473614
OPN1SW,0,0,1.50241916096267,0,0,0,0,0,0,0,0,0
TNPO3,5.78772024246171,5.65880466411826,7.60288327535699,7.75014355035489,6.08076667003469,6.88684181155377,6.01030352429751,6.8733133548756,8.85837331765188,6.6327640885246,7.21990576659038,0
PIP,6.32961296888973,11.2744005171697,8.35044583535,4.87459963534536,7.58815621231014,0,0,0,0,0,4.91311615931869,0
KRBA1,0,2.20897628517018,2.7003335593274,0,1.3612414293702,0,4.42428746124818,0,0,6.3253273151577,0,4.56890188809592
SLC4A2,4.95547021364979,0,6.60350217387627,6.16671480109327,3.91853445989106,0,7.88515556511012,7.21686142054278,6.75432034541044,6.64726400551024,5.69980254956905,6.44286023286679
SH2D4A,4.81360211567834,5.07087175272999,4.73684483790472,7.09256094939331,6.38155556518846,1.01462804851359,6.50891085851178,5.76006893958714,6.48823810439268,0,5.58289443145416,6.26885539363139
DPYSL2,7.98209566104586,7.42040769185183,6.9087685313696,7.13861930242466,7.36603300980234,5.88659332011584,8.22819375928422,7.11801829597824,8.86500740204496,0,6.7738295986797,6.00586421333188
EPHX2,5.2771065104285,2.54381616925882,4.27289952279381,6.51287410678881,5.43844791362345,0,5.91563094877779,0,4.84844583910103,6.47913699726486,0,0
DUSP4,9.59250517801852,8.34294903223669,8.3051767116726,9.88813297484316,8.97244897950819,8.92689430563679,11.2368840324577,8.62582489299717,10.493573498502,6.5883688838827,8.90208569557066,8.01672438172853
RP1,0,3.83653614959722,0,0,0,0,0,0,0,0,0,0
MCMDC2,4.04421969541364,2.8153946795453,3.34566171652143,3.64518225826471,2.29943626996893,1.60443379015114,4.55566945934016,4.06705964685785,3.08525953461191,2.81030587924663,4.35189855842239,4.071691336206
RPL7,4.2782733489173,4.65285771429078,5.12572206503694,4.00481535204413,5.11831081339983,2.83234150772061,4.42428746124818,4.5028236985384,4.79386404108991,4.17317618066493,4.65962666165708,4.62776748932545
CCNE2,0,3.41448586074516,5.73458651515081,7.58697420885142,6.02970733779678,1.60443379015114,6.28104118584029,0,5.34249408275004,3.17298513750864,5.48202879243347,6.64161543875155
NCALD,0,3.70909606671907,3.20934146827846,0,6.56009066295949,0,0,0,6.73995575465231,0,0,3.56960390603226
OXR1,5.9991126120139,7.03831490265591,6.12399764937849,6.48462088142792,6.75082329874908,5.35031674098123,2.3488302965728,5.26427438843222,5.7956721804195,7.6400495406706,7.01854890989534,5.11300169954102
FAM84B,6.4139731788268,5.07087175272999,7.27599975348119,7.05462537460877,5.21289669392492,6.68703539721512,7.51718059082679,7.47827858470677,8.06244718688878,7.15316510445682,7.29616144989915,0.991642860253225
SMARCA2,5.81279709640754,4.65285771429078,4.92271081448134,6.33440673444082,7.1598720041314,0,1.60741569476714,1.57054010331741,5.48711958119476,0,6.35607222348404,6.85374584891726
RRAGA,7.00964438039246,6.33478917792174,6.28527836615346,0,7.07846849798764,5.7564858895745,6.42547266478617,5.9094074945164,6.30522294612578,0,5.65416972234432,6.92588860565752
RPS6,10.1463433868451,10.7650921207316,10.0024553017023,8.96444563444585,10.1339943537328,8.44687751562079,10.6343708536612,9.15576925233847,10.2479723358561,9.90279551990444,10.5267812361329,10.6441347122248
NDUFB6,6.79990697611049,7.43054414869793,6.68287034351291,5.82747544833046,6.40845356705916,1.01462804851359,7.9934188347873,5.53336568419511,7.28621996760044,3.46256122786937,7.56014150454453,6.77780478455313
DNAJA1,8.94278730504046,7.53758349098113,7.79969635116842,8.58321753888695,7.92264666798325,8.52488446270983,7.66273921407003,6.31843172790617,9.32810335946204,7.12235853510716,8.55009885332516,8.5531370056777
B4GALT1,8.89662011491422,8.65537065523399,8.44074406741064,7.93376376019025,9.01244772930104,9.11916880750693,8.32806522397689,8.66836285467654,7.92951668493552,7.2225876429061,7.39657041211169,7.42627742105
HINT2,4.65624654859562,5.65880466411826,5.30365846329056,4.5863437956225,4.66223132880189,0,6.28104118584029,2.78878521854311,5.45229957873779,0,6.62801941813166,6.28723118710936
ZFAND5,9.41145798268952,9.17878312097804,9.39219214822969,9.36784542354147,9.78468070146285,8.2769419807904,8.40848963293444,8.99237471050238,7.63569250843728,9.33211177744433,7.88053990251181,10.1443836361125
ANXA1,10.1289767385684,7.68033975883816,10.4946468920615,11.0695988143053,10.9168492447661,9.91629944984746,10.5697749771142,10.4469514381976,9.57668715823088,9.24661050712366,9.85214060946723,10.7230274974885
PHF2,3.54286207283071,4.9632702000304,0,3.74383746375936,5.11831081339983,4.27551926693385,0,3.43972875942138,1.04933488767123,2.00258241746694,0,6.32329517278307
TGFBR1,4.9998201249671,5.26463145149928,6.30213424335417,0,7.80610963279451,5.42074039222528,6.71972861401789,4.06705964685785,3.89767429553537,0,6.43913924383674,5.62743039277634
NIPSNAP3A,5.76219978176207,6.57304486292388,7.08468385079693,7.44022487058746,6.53589895284861,6.45503889292953,7.51718059082679,6.31843172790617,6.07282786039427,0,6.14134499640152,0
TXN,8.30288212393264,8.48589284272843,7.73289045016814,8.10128961024859,7.66823923598935,6.17845044632455,8.76818186430339,7.91503910167193,8.56437876004618,8.22743237259463,8.85496182853579,8.7613525638385
GSN,8.79331644811804,9.1173600828714,9.61933050582128,9.4577936856402,9.54665002213416,8.52088231039827,9.64453248234482,8.29579308742455,9.18962358837694,10.2608272308738,9.04374568517406,8.9691122201802
SLC25A25,7.83072641746247,7.81797615783699,7.87485642086769,8.82492786685298,9.2888348875148,4.67181229164509,9.0136240004311,8.04985556810958,6.91638655887511,6.99209981199684,7.16402239897412,8.1482027013605
LRRC8A,5.44690180487581,5.55143287183073,7.64313010791173,5.8934343813015,7.19118942546437,2.345262304423,7.28125941293495,7.05528942777433,7.83130729589821,9.0532842595505,7.56631384498071,8.08133064485308
NCS1,4.86245806218071,5.55143287183073,4.52344194986562,4.5863437956225,5.4121084448082,3.83440432005738,6.49260481078814,6.42150661898076,6.32460519510482,2.81030587924663,6.34175054077442,3.56960390603226
CD99,6.12458451902009,6.53596885844918,6.96277154982662,7.21799096615279,6.9192590905122,4.78292905514699,7.67724045885732,6.92100412597623,5.55433549682236,7.63278145294867,7.76722247036845,7.55318137399097
MSL3,5.0846281814892,6.17515715215473,3.88252609429898,4.63856561265205,0,3.72733054294172,0,0,3.7902409497375,5.42962699389858,5.50791399433957,4.93797713029431
TMSB4X,10.8382058764459,9.69621468705487,9.88569812640465,9.81343184554341,9.49425404726732,9.14279941292366,11.7099378482978,10.380274248707,11.3893225516269,9.97354465988178,11.1550723901805,10.1878224606074
SAT1,12.0217919751823,9.82090022405941,10.7699878565382,12.0144280466305,9.82766357139937,10.0843646161438,10.1130042273655,10.7256785155302,9.49136158068707,12.220793380369,9.9115275165282,10.8628292266897
XK,0,0,0,0,0,4.27551926693385,0,0,0,0,0,0
CXorf36,0,0,0,0,0,0,0,2.78878521854311,0,0,0,0
FTSJ1,4.95547021364979,1.77215897481878,5.369111383892,6.28611349805777,7.67379288349684,0,5.45904340965411,5.18835580983679,5.85018688906463,0,6.32728525953517,0
TSPYL2,6.70933075716162,6.99798647435975,5.57730599435298,0,5.63345755982849,6.11614825639871,6.28104118584029,5.02336811927589,6.68102293678005,0,5.37357748793759,5.02814198799467
TSPAN6,6.12458451902009,7.32582456391506,7.89165877024363,0,8.10224466461119,7.45520646608226,8.15755253673649,6.79868430292713,8.45430419622703,1.58725821108045,7.26614109535501,8.79062958480896
RBM41,0,6.33478917792174,5.80723170127738,2.65832520157002,5.70028708660877,4.88609620880177,1.60741569476714,5.40508482224501,5.97808988634069,3.70361742222051,2.08291966138848,0
HMGB3,5.1647264248613,5.47513839618365,5.33675607942552,6.09377078355397,6.87172725416387,0,6.70565027152149,6.69276558979112,6.91638655887511,3.81055152010268,6.50488552033205,6.37575515954322
SLC6A8,4.41556479039735,1.77215897481878,2.89066238575048,0,3.48528509842576,3.02550256532648,0,1.57054010331741,3.54791310330226,5.75826602943722,3.18453318380997,0.991642860253225
ARHGAP4,0,0,0,0,5.33007566213506,0,0,0,0,0,0,0
